Workbook

Sheet PTO SUMMARY 2027
A1: PAYROLL'S EDITS ONLY, Password: Payroll | N1: January | S1: February | Y1: March | AD1: Q1 EIB Balancing | AH1: April | AM1: May | AR1: June | AW1: Q2 EIB Balancing | BA1: July | BF1: August | BK1: September | BP1: Q3 EIB Balancing | BT1: October | BY1: November | CD1: December | CJ1: Q4 EIB Balancing
A2: Name | C2: Type | D2: OW? | E2: PTO Plan Code | F2: Loc. | G2: FTE | H2: Monthly Accrual | I2: 2026 EIB Carryover | J2: 2027 EIB Frontload | K2: 1/1/27 EIB Balance | L2: 2026 PTO Carryover | M2: 2027 PTO OW Frontload | N2: Accrued | O2: Used | P2: 01/31/27 Spreadsheet Balance | Q2: 01/31/27 Paycom Balance | R2: Difference | S2: Accrued | T2: Used | U2: PTO Cash Out on 2/20 PR | V2: 02/28/27 Spreadsheet Balance | W2: 02/28/27 Paycom Balance | X2: Difference | Y2: Accrued | Z2: Used | AA2: 03/31/27 Spreadsheet Balance | AB2: 03/31/27 Paycom Balance | AC2: Difference | AD2: Used | AE2: Spreadsheet Balance | AF2: Paycom Balance | AG2: Difference | AH2: Accrued | AI2: Used | AJ2: 04/30/27 Spreadsheet Balance | AK2: 04/30/27 Paycom Balance | AL2: Difference | AM2: Accrued | AN2: Used | AO2: 05/31/27 Spreadsheet Balance | AP2: 05/31/27 Paycom Balance | AQ2: Difference | AR2: Accrued | AS2: Used | AT2: 06/30/27 Spreadsheet Balance | AU2: 06/30/27 Paycom Balance | AV2: Difference | AW2: Used | AX2: Spreadsheet Balance | AY2: Paycom Balance | AZ2: Difference | BA2: Accrued | BB2: Used | BC2: 07/31/27 Spreadsheet Balance | BD2: 07/31/27 Paycom Balance | BE2: Difference | BF2: Accrued | BG2: Used | BH2: 08/31/27 Spreadsheet Balance | BI2: 08/31/27 Paycom Balance | BJ2: Difference | BK2: Accrued | BL2: Used | BM2: 09/30/27 Spreadsheet Balance | BN2: 09/30/27 Paycom Balance | BO2: Difference | BP2: Used | BQ2: Spreadsheet Balance | BR2: Paycom Balance | BS2: Difference | BT2: Accrued | BU2: Used | BV2: 10/31/27 Spreadsheet Balance | BW2: 10/31/27 Paycom Balance | BX2: Difference | BY2: Accrued | BZ2: Used | CA2: 11/30/27 Spreadsheet Balance | CB2: 11/30/27 Paycom Balance | CC2: Difference | CD2: Accrued | CE2: Used | CF2: 12/31/27 Spreadsheet Balance | CG2: 01/01/28 Frontload | CH2: 12/31/27 Paycom Balance w/ Frontload | CI2: Difference | CJ2: Used | CK2: Spreadsheet Balance | CL2: 01/01/28 EIB Frontload | CM2: Paycom Balance w/ Frontload | CN2: Difference
A3: Allison, Gina | B3: A1U7 | C3: MD | D3: Y | E3: OWM | F3: TN | G3: 0.87 | H3: 0 | I3: 0 | J3: 0 | K3: 0 | L3: 0 | M3: 0 | N3: =H3 -> 0 | O3: =SUMIF('January 2027'!$B:$B,'PTO SUMMARY 2027'!B3,'January 2027'!$AK:$AK) -> 0 | P3: =L3+M3+N3-O3 -> 0 | Q3: 0 | R3: 0 | S3: =H3 -> 0 | T3: =SUMIF('February 2027'!$B:$B,'PTO SUMMARY 2027'!G3,'February 2027'!$AK:$AK) -> 0 | U3: 0 | V3: =P3+S3-T3 -> 0 | W3: 0 | X3: 0 | Y3: =H3 -> 0 | Z3: =SUMIF('March 2027'!$B:$B,'PTO SUMMARY 2027'!M3,'March 2027'!$AK:$AK) -> 0 | AA3: =V3+Y3-Z3 -> 0 | AB3: 0 | AC3: 0 | AD3: 0 | AE3: =K3-AD3 -> 0 | AF3: 0 | AG3: =AE3-AF3 -> 0 | AH3: =H3 -> 0 | AI3: =SUMIF('April 2027'!$B:$B,'PTO SUMMARY 2027'!V3,'April 2027'!$AK:$AK) -> 0 | AJ3: =AA3+AH3-AI3 -> 0 | AK3: 0 | AL3: 0 | AM3: =H3 -> 0 | AN3: =SUMIF('May 2027'!$B:$B,'PTO SUMMARY 2027'!AA3,'May 2027'!$AK:$AK) -> 0 | AO3: =ROUND((AJ3+AM3-AN3),2) -> 0 | AP3: 0 | AQ3: 0 | AR3: =H3 -> 0 | AS3: =SUMIF('June 2027'!$B:$B,'PTO SUMMARY 2027'!AF3,'June 2027'!$AK:$AK) -> 0 | AT3: =AO3+AR3-AS3 -> 0 | AU3: 0 | AV3: 0 | AW3: 0 | AX3: 0 | AY3: 0 | AZ3: =AX3-AY3 -> 0 | BA3: =H3 -> 0 | BB3: =SUMIF('July 2027'!$B:$B,'PTO SUMMARY 2027'!AK3,'July 2027'!$AK:$AK) -> 0 | BC3: =AT3+BA3-BB3 -> 0 | BD3: 0 | BE3: 0 | BF3: =H3 -> 0 | BG3: =SUMIF('August 2027'!$B:$B,'PTO SUMMARY 2027'!AP3,'August 2027'!$AK:$AK) -> 0 | BH3: =BC3+BF3-BG3 -> 0 | BI3: 0 | BJ3: 0 | BK3: =H3 -> 0 | BL3: =SUMIF('September 2027'!$B:$B,'PTO SUMMARY 2027'!AU3,'September 2027'!$AK:$AK) -> 0 | BM3: =BH3+BK3-BL3 -> 0 | BN3: 0 | BO3: 0 | BP3: 0 | BQ3: 0 | BR3: 0 | BS3: =BQ3-BR3 -> 0 | BT3: =H3 -> 0 | BU3: =SUMIF('October 2027'!$B:$B,'PTO SUMMARY 2027'!BH3,'October 2027'!$AK:$AK) -> 0 | BV3: =BM3+BT3-BU3 -> 0 | BW3: 0 | BX3: 0 | BY3: =H3 -> 0 | BZ3: =SUMIF('November 2027'!$B:$B,'PTO SUMMARY 2027'!BM3,'November 2027'!$AK:$AK) -> 0 | CA3: =BV3+BY3-BZ3 -> 0 | CB3: 0 | CC3: 0 | CD3: =H3 -> 0 | CE3: =SUMIF('December 2027'!$B:$B,'PTO SUMMARY 2027'!$B:$B,'December 2027'!$AK:$AK) -> 0 | CF3: =CA3+CD3-CE3 -> 0 | CG3: 0 | CH3: 0 | CI3: 0 | CJ3: 0 | CK3: 0 | CL3: 0 | CM3: 0 | CN3: =CK3+CL3-CM3 -> 0
A4: Andrews, Brooke | B4: A3N8 | C4: MD | E4: SAM | F4: PKMD | G4: 1 | H4: =((G4*86.67)*2)*(SUMIF('Accrual Rates'!B:B,'PTO SUMMARY 2027'!B4,'Accrual Rates'!G:G)) -> 15.999975 | I4: 0 | J4: 0 | K4: 0 | L4: 0 | M4: 0 | N4: =H4 -> 15.999975 | O4: =SUMIF('January 2027'!$B:$B,'PTO SUMMARY 2027'!B4,'January 2027'!$AK:$AK) -> 0 | P4: =L4+M4+N4-O4 -> 15.999975 | Q4: 0 | R4: 0 | S4: =H4 -> 15.999975 | T4: =SUMIF('February 2027'!$B:$B,'PTO SUMMARY 2027'!G4,'February 2027'!$AK:$AK) -> 0 | U4: 0 | V4: =P4+S4-T4 -> 31.999951 | W4: 0 | X4: 0 | Y4: =H4 -> 15.999975 | Z4: =SUMIF('March 2027'!$B:$B,'PTO SUMMARY 2027'!M4,'March 2027'!$AK:$AK) -> 0 | AA4: =V4+Y4-Z4 -> 47.999926 | AB4: 0 | AC4: 0 | AD4: 0 | AE4: =K4-AD4 -> 0 | AF4: 0 | AG4: =AE4-AF4 -> 0 | AH4: =H4 -> 15.999975 | AI4: =SUMIF('April 2027'!$B:$B,'PTO SUMMARY 2027'!V4,'April 2027'!$AK:$AK) -> 0 | AJ4: =AA4+AH4-AI4 -> 63.999901 | AK4: 0 | AL4: 0 | AM4: =H4 -> 15.999975 | AN4: =SUMIF('May 2027'!$B:$B,'PTO SUMMARY 2027'!AA4,'May 2027'!$AK:$AK) -> 0 | AO4: =ROUND((AJ4+AM4-AN4),2) -> 80 | AP4: 0 | AQ4: 0 | AR4: =H4 -> 15.999975 | AS4: =SUMIF('June 2027'!$B:$B,'PTO SUMMARY 2027'!AF4,'June 2027'!$AK:$AK) -> 0 | AT4: =AO4+AR4-AS4 -> 95.999975 | AU4: 0 | AV4: 0 | AW4: 0 | AX4: 0 | AY4: 0 | AZ4: =AX4-AY4 -> 0 | BA4: =H4 -> 15.999975 | BB4: =SUMIF('July 2027'!$B:$B,'PTO SUMMARY 2027'!AK4,'July 2027'!$AK:$AK) -> 0 | BC4: =AT4+BA4-BB4 -> 111.99995 | BD4: 0 | BE4: 0 | BF4: =H4 -> 15.999975 | BG4: =SUMIF('August 2027'!$B:$B,'PTO SUMMARY 2027'!AP4,'August 2027'!$AK:$AK) -> 0 | BH4: =BC4+BF4-BG4 -> 127.99993 | BI4: 0 | BJ4: 0 | BK4: =H4 -> 15.999975 | BL4: =SUMIF('September 2027'!$B:$B,'PTO SUMMARY 2027'!AU4,'September 2027'!$AK:$AK) -> 0 | BM4: =BH4+BK4-BL4 -> 143.9999 | BN4: 0 | BO4: 0 | BP4: 0 | BQ4: 0 | BR4: 0 | BS4: =BQ4-BR4 -> 0 | BT4: =H4 -> 15.999975 | BU4: =SUMIF('October 2027'!$B:$B,'PTO SUMMARY 2027'!BH4,'October 2027'!$AK:$AK) -> 0 | BV4: =BM4+BT4-BU4 -> 159.99988 | BW4: 0 | BX4: 0 | BY4: =H4 -> 15.999975 | BZ4: =SUMIF('November 2027'!$B:$B,'PTO SUMMARY 2027'!BM4,'November 2027'!$AK:$AK) -> 0 | CA4: =BV4+BY4-BZ4 -> 175.99985 | CB4: 0 | CC4: 0 | CD4: =H4 -> 15.999975 | CE4: =SUMIF('December 2027'!$B:$B,'PTO SUMMARY 2027'!$B:$B,'December 2027'!$AK:$AK) -> 0 | CF4: =CA4+CD4-CE4 -> 191.99983 | CG4: 0 | CH4: 0 | CI4: 0 | CJ4: 0 | CK4: 0 | CL4: 0 | CM4: 0 | CN4: =CK4+CL4-CM4 -> 0
A5: Atkinson, Paige | B5: A1VK | C5: APC | E5: SMA | F5: GW | G5: 1 | H5: =((G5*86.67)*2)*(SUMIF('Accrual Rates'!B:B,'PTO SUMMARY 2027'!B5,'Accrual Rates'!G:G)) -> 17.333307 | I5: 0 | J5: 0 | K5: 0 | L5: 0 | M5: 0 | N5: =H5 -> 17.333307 | O5: =SUMIF('January 2027'!$B:$B,'PTO SUMMARY 2027'!B5,'January 2027'!$AK:$AK) -> 0 | P5: =L5+M5+N5-O5 -> 17.333307 | Q5: 0 | R5: 0 | S5: =H5 -> 17.333307 | T5: =SUMIF('February 2027'!$B:$B,'PTO SUMMARY 2027'!G5,'February 2027'!$AK:$AK) -> 0 | U5: 0 | V5: =P5+S5-T5 -> 34.666613 | W5: 0 | X5: 0 | Y5: =H5 -> 17.333307 | Z5: =SUMIF('March 2027'!$B:$B,'PTO SUMMARY 2027'!M5,'March 2027'!$AK:$AK) -> 0 | AA5: =V5+Y5-Z5 -> 51.99992 | AB5: 0 | AC5: 0 | AD5: 0 | AE5: =K5-AD5 -> 0 | AF5: 0 | AG5: =AE5-AF5 -> 0 | AH5: =H5 -> 17.333307 | AI5: =SUMIF('April 2027'!$B:$B,'PTO SUMMARY 2027'!V5,'April 2027'!$AK:$AK) -> 0 | AJ5: =AA5+AH5-AI5 -> 69.333227 | AK5: 0 | AL5: 0 | AM5: =H5 -> 17.333307 | AN5: =SUMIF('May 2027'!$B:$B,'PTO SUMMARY 2027'!AA5,'May 2027'!$AK:$AK) -> 0 | AO5: =ROUND((AJ5+AM5-AN5),2) -> 86.67 | AP5: 0 | AQ5: 0 | AR5: =H5 -> 17.333307 | AS5: =SUMIF('June 2027'!$B:$B,'PTO SUMMARY 2027'!AF5,'June 2027'!$AK:$AK) -> 0 | AT5: =AO5+AR5-AS5 -> 104.00331 | AU5: 0 | AV5: 0 | AW5: 0 | AX5: 0 | AY5: 0 | AZ5: =AX5-AY5 -> 0 | BA5: =H5 -> 17.333307 | BB5: =SUMIF('July 2027'!$B:$B,'PTO SUMMARY 2027'!AK5,'July 2027'!$AK:$AK) -> 0 | BC5: =AT5+BA5-BB5 -> 121.33661 | BD5: 0 | BE5: 0 | BF5: =H5 -> 17.333307 | BG5: =SUMIF('August 2027'!$B:$B,'PTO SUMMARY 2027'!AP5,'August 2027'!$AK:$AK) -> 0 | BH5: =BC5+BF5-BG5 -> 138.66992 | BI5: 0 | BJ5: 0 | BK5: =H5 -> 17.333307 | BL5: =SUMIF('September 2027'!$B:$B,'PTO SUMMARY 2027'!AU5,'September 2027'!$AK:$AK) -> 0 | BM5: =BH5+BK5-BL5 -> 156.00323 | BN5: 0 | BO5: 0 | BP5: 0 | BQ5: 0 | BR5: 0 | BS5: =BQ5-BR5 -> 0 | BT5: =H5 -> 17.333307 | BU5: =SUMIF('October 2027'!$B:$B,'PTO SUMMARY 2027'!BH5,'October 2027'!$AK:$AK) -> 0 | BV5: =BM5+BT5-BU5 -> 173.33653 | BW5: 0 | BX5: 0 | BY5: =H5 -> 17.333307 | BZ5: =SUMIF('November 2027'!$B:$B,'PTO SUMMARY 2027'!BM5,'November 2027'!$AK:$AK) -> 0 | CA5: =BV5+BY5-BZ5 -> 190.66984 | CB5: 0 | CC5: 0 | CD5: =H5 -> 17.333307 | CE5: =SUMIF('December 2027'!$B:$B,'PTO SUMMARY 2027'!$B:$B,'December 2027'!$AK:$AK) -> 0 | CF5: =CA5+CD5-CE5 -> 208.00315 | CG5: 0 | CH5: 0 | CI5: 0 | CJ5: 0 | CK5: 0 | CL5: 0 | CM5: 0 | CN5: =CK5+CL5-CM5 -> 0
A6: Austin, Allison | B6: A1VN | C6: APC | E6: SMA | F6: BH | G6: 1 | H6: =((G6*86.67)*2)*(SUMIF('Accrual Rates'!B:B,'PTO SUMMARY 2027'!B6,'Accrual Rates'!G:G)) -> 13.333313 | I6: 0 | J6: 0 | K6: 0 | L6: 0 | M6: 0 | N6: =H6 -> 13.333313 | O6: =SUMIF('January 2027'!$B:$B,'PTO SUMMARY 2027'!B6,'January 2027'!$AK:$AK) -> 0 | P6: =L6+M6+N6-O6 -> 13.333313 | Q6: 0 | R6: 0 | S6: =H6 -> 13.333313 | T6: =SUMIF('February 2027'!$B:$B,'PTO SUMMARY 2027'!G6,'February 2027'!$AK:$AK) -> 0 | U6: 0 | V6: =P6+S6-T6 -> 26.666626 | W6: 0 | X6: 0 | Y6: =H6 -> 13.333313 | Z6: =SUMIF('March 2027'!$B:$B,'PTO SUMMARY 2027'!M6,'March 2027'!$AK:$AK) -> 0 | AA6: =V6+Y6-Z6 -> 39.999938 | AB6: 0 | AC6: 0 | AD6: 0 | AE6: =K6-AD6 -> 0 | AF6: 0 | AG6: =AE6-AF6 -> 0 | AH6: =H6 -> 13.333313 | AI6: =SUMIF('April 2027'!$B:$B,'PTO SUMMARY 2027'!V6,'April 2027'!$AK:$AK) -> 0 | AJ6: =AA6+AH6-AI6 -> 53.333251 | AK6: 0 | AL6: 0 | AM6: =H6 -> 13.333313 | AN6: =SUMIF('May 2027'!$B:$B,'PTO SUMMARY 2027'!AA6,'May 2027'!$AK:$AK) -> 0 | AO6: =ROUND((AJ6+AM6-AN6),2) -> 66.67 | AP6: 0 | AQ6: 0 | AR6: =H6 -> 13.333313 | AS6: =SUMIF('June 2027'!$B:$B,'PTO SUMMARY 2027'!AF6,'June 2027'!$AK:$AK) -> 0 | AT6: =AO6+AR6-AS6 -> 80.003313 | AU6: 0 | AV6: 0 | AW6: 0 | AX6: 0 | AY6: 0 | AZ6: =AX6-AY6 -> 0 | BA6: =H6 -> 13.333313 | BB6: =SUMIF('July 2027'!$B:$B,'PTO SUMMARY 2027'!AK6,'July 2027'!$AK:$AK) -> 0 | BC6: =AT6+BA6-BB6 -> 93.336626 | BD6: 0 | BE6: 0 | BF6: =H6 -> 13.333313 | BG6: =SUMIF('August 2027'!$B:$B,'PTO SUMMARY 2027'!AP6,'August 2027'!$AK:$AK) -> 0 | BH6: =BC6+BF6-BG6 -> 106.66994 | BI6: 0 | BJ6: 0 | BK6: =H6 -> 13.333313 | BL6: =SUMIF('September 2027'!$B:$B,'PTO SUMMARY 2027'!AU6,'September 2027'!$AK:$AK) -> 0 | BM6: =BH6+BK6-BL6 -> 120.00325 | BN6: 0 | BO6: 0 | BP6: 0 | BQ6: 0 | BR6: 0 | BS6: =BQ6-BR6 -> 0 | BT6: =H6 -> 13.333313 | BU6: =SUMIF('October 2027'!$B:$B,'PTO SUMMARY 2027'!BH6,'October 2027'!$AK:$AK) -> 0 | BV6: =BM6+BT6-BU6 -> 133.33656 | BW6: 0 | BX6: 0 | BY6: =H6 -> 13.333313 | BZ6: =SUMIF('November 2027'!$B:$B,'PTO SUMMARY 2027'!BM6,'November 2027'!$AK:$AK) -> 0 | CA6: =BV6+BY6-BZ6 -> 146.66988 | CB6: 0 | CC6: 0 | CD6: =H6 -> 13.333313 | CE6: =SUMIF('December 2027'!$B:$B,'PTO SUMMARY 2027'!$B:$B,'December 2027'!$AK:$AK) -> 0 | CF6: =CA6+CD6-CE6 -> 160.00319 | CG6: 0 | CH6: 0 | CI6: 0 | CJ6: 0 | CK6: 0 | CL6: 0 | CM6: 0 | CN6: =CK6+CL6-CM6 -> 0
A7: Barske, Margaret | B7: A1WH | C7: MD | D7: Y | E7: OWM | F7: NB | G7: 0.875 | H7: 0 | I7: 0 | J7: 0 | K7: 0 | L7: 0 | M7: 0 | N7: =H7 -> 0 | O7: =SUMIF('January 2027'!$B:$B,'PTO SUMMARY 2027'!B7,'January 2027'!$AK:$AK) -> 0 | P7: =L7+M7+N7-O7 -> 0 | Q7: 0 | R7: 0 | S7: =H7 -> 0 | T7: =SUMIF('February 2027'!$B:$B,'PTO SUMMARY 2027'!G7,'February 2027'!$AK:$AK) -> 0 | U7: 0 | V7: =P7+S7-T7 -> 0 | W7: 0 | X7: 0 | Y7: =H7 -> 0 | Z7: =SUMIF('March 2027'!$B:$B,'PTO SUMMARY 2027'!M7,'March 2027'!$AK:$AK) -> 0 | AA7: =V7+Y7-Z7 -> 0 | AB7: 0 | AC7: 0 | AD7: 0 | AE7: =K7-AD7 -> 0 | AF7: 0 | AG7: =AE7-AF7 -> 0 | AH7: =H7 -> 0 | AI7: =SUMIF('April 2027'!$B:$B,'PTO SUMMARY 2027'!V7,'April 2027'!$AK:$AK) -> 0 | AJ7: =AA7+AH7-AI7 -> 0 | AK7: 0 | AL7: 0 | AM7: =H7 -> 0 | AN7: =SUMIF('May 2027'!$B:$B,'PTO SUMMARY 2027'!AA7,'May 2027'!$AK:$AK) -> 0 | AO7: =ROUND((AJ7+AM7-AN7),2) -> 0 | AP7: 0 | AQ7: 0 | AR7: =H7 -> 0 | AS7: =SUMIF('June 2027'!$B:$B,'PTO SUMMARY 2027'!AF7,'June 2027'!$AK:$AK) -> 0 | AT7: =AO7+AR7-AS7 -> 0 | AU7: 0 | AV7: 0 | AW7: 0 | AX7: 0 | AY7: 0 | AZ7: =AX7-AY7 -> 0 | BA7: =H7 -> 0 | BB7: =SUMIF('July 2027'!$B:$B,'PTO SUMMARY 2027'!AK7,'July 2027'!$AK:$AK) -> 0 | BC7: =AT7+BA7-BB7 -> 0 | BD7: 0 | BE7: 0 | BF7: =H7 -> 0 | BG7: =SUMIF('August 2027'!$B:$B,'PTO SUMMARY 2027'!AP7,'August 2027'!$AK:$AK) -> 0 | BH7: =BC7+BF7-BG7 -> 0 | BI7: 0 | BJ7: 0 | BK7: =H7 -> 0 | BL7: =SUMIF('September 2027'!$B:$B,'PTO SUMMARY 2027'!AU7,'September 2027'!$AK:$AK) -> 0 | BM7: =BH7+BK7-BL7 -> 0 | BN7: 0 | BO7: 0 | BP7: 0 | BQ7: 0 | BR7: 0 | BS7: =BQ7-BR7 -> 0 | BT7: =H7 -> 0 | BU7: =SUMIF('October 2027'!$B:$B,'PTO SUMMARY 2027'!BH7,'October 2027'!$AK:$AK) -> 0 | BV7: =BM7+BT7-BU7 -> 0 | BW7: 0 | BX7: 0 | BY7: =H7 -> 0 | BZ7: =SUMIF('November 2027'!$B:$B,'PTO SUMMARY 2027'!BM7,'November 2027'!$AK:$AK) -> 0 | CA7: =BV7+BY7-BZ7 -> 0 | CB7: 0 | CC7: 0 | CD7: =H7 -> 0 | CE7: =SUMIF('December 2027'!$B:$B,'PTO SUMMARY 2027'!$B:$B,'December 2027'!$AK:$AK) -> 0 | CF7: =CA7+CD7-CE7 -> 0 | CG7: 0 | CH7: 0 | CI7: 0 | CJ7: 0 | CK7: 0 | CL7: 0 | CM7: 0 | CN7: =CK7+CL7-CM7 -> 0
A8: Bayne, Lisa | B8: A3PK | C8: MD | E8: SAM | F8: PKMD | G8: 0.75 | H8: =((G8*86.67)*2)*(SUMIF('Accrual Rates'!B:B,'PTO SUMMARY 2027'!B8,'Accrual Rates'!G:G)) -> 9.9999846 | I8: 0 | J8: 0 | K8: 0 | L8: 0 | M8: 0 | N8: =H8 -> 9.9999846 | O8: =SUMIF('January 2027'!$B:$B,'PTO SUMMARY 2027'!B8,'January 2027'!$AK:$AK) -> 0 | P8: =L8+M8+N8-O8 -> 9.9999846 | Q8: 0 | R8: 0 | S8: =H8 -> 9.9999846 | T8: =SUMIF('February 2027'!$B:$B,'PTO SUMMARY 2027'!G8,'February 2027'!$AK:$AK) -> 0 | U8: 0 | V8: =P8+S8-T8 -> 19.999969 | W8: 0 | X8: 0 | Y8: =H8 -> 9.9999846 | Z8: =SUMIF('March 2027'!$B:$B,'PTO SUMMARY 2027'!M8,'March 2027'!$AK:$AK) -> 0 | AA8: =V8+Y8-Z8 -> 29.999954 | AB8: 0 | AC8: 0 | AD8: 0 | AE8: =K8-AD8 -> 0 | AF8: 0 | AG8: =AE8-AF8 -> 0 | AH8: =H8 -> 9.9999846 | AI8: =SUMIF('April 2027'!$B:$B,'PTO SUMMARY 2027'!V8,'April 2027'!$AK:$AK) -> 0 | AJ8: =AA8+AH8-AI8 -> 39.999938 | AK8: 0 | AL8: 0 | AM8: =H8 -> 9.9999846 | AN8: =SUMIF('May 2027'!$B:$B,'PTO SUMMARY 2027'!AA8,'May 2027'!$AK:$AK) -> 0 | AO8: =ROUND((AJ8+AM8-AN8),2) -> 50 | AP8: 0 | AQ8: 0 | AR8: =H8 -> 9.9999846 | AS8: =SUMIF('June 2027'!$B:$B,'PTO SUMMARY 2027'!AF8,'June 2027'!$AK:$AK) -> 0 | AT8: =AO8+AR8-AS8 -> 59.999985 | AU8: 0 | AV8: 0 | AW8: 0 | AX8: 0 | AY8: 0 | AZ8: =AX8-AY8 -> 0 | BA8: =H8 -> 9.9999846 | BB8: =SUMIF('July 2027'!$B:$B,'PTO SUMMARY 2027'!AK8,'July 2027'!$AK:$AK) -> 0 | BC8: =AT8+BA8-BB8 -> 69.999969 | BD8: 0 | BE8: 0 | BF8: =H8 -> 9.9999846 | BG8: =SUMIF('August 2027'!$B:$B,'PTO SUMMARY 2027'!AP8,'August 2027'!$AK:$AK) -> 0 | BH8: =BC8+BF8-BG8 -> 79.999954 | BI8: 0 | BJ8: 0 | BK8: =H8 -> 9.9999846 | BL8: =SUMIF('September 2027'!$B:$B,'PTO SUMMARY 2027'!AU8,'September 2027'!$AK:$AK) -> 0 | BM8: =BH8+BK8-BL8 -> 89.999938 | BN8: 0 | BO8: 0 | BP8: 0 | BQ8: 0 | BR8: 0 | BS8: =BQ8-BR8 -> 0 | BT8: =H8 -> 9.9999846 | BU8: =SUMIF('October 2027'!$B:$B,'PTO SUMMARY 2027'!BH8,'October 2027'!$AK:$AK) -> 0 | BV8: =BM8+BT8-BU8 -> 99.999923 | BW8: 0 | BX8: 0 | BY8: =H8 -> 9.9999846 | BZ8: =SUMIF('November 2027'!$B:$B,'PTO SUMMARY 2027'!BM8,'November 2027'!$AK:$AK) -> 0 | CA8: =BV8+BY8-BZ8 -> 109.99991 | CB8: 0 | CC8: 0 | CD8: =H8 -> 9.9999846 | CE8: =SUMIF('December 2027'!$B:$B,'PTO SUMMARY 2027'!$B:$B,'December 2027'!$AK:$AK) -> 0 | CF8: =CA8+CD8-CE8 -> 119.99989 | CG8: 0 | CH8: 0 | CI8: 0 | CJ8: 0 | CK8: 0 | CL8: 0 | CM8: 0 | CN8: =CK8+CL8-CM8 -> 0
A9: Bennett, Sylvana | B9: A1XP | C9: MD | D9: Y | E9: OWM | F9: NB | G9: 1 | H9: 0 | I9: 0 | J9: 0 | K9: 0 | L9: 0 | M9: 0 | N9: =H9 -> 0 | O9: =SUMIF('January 2027'!$B:$B,'PTO SUMMARY 2027'!B9,'January 2027'!$AK:$AK) -> 0 | P9: =L9+M9+N9-O9 -> 0 | Q9: 0 | R9: 0 | S9: =H9 -> 0 | T9: =SUMIF('February 2027'!$B:$B,'PTO SUMMARY 2027'!G9,'February 2027'!$AK:$AK) -> 0 | U9: 0 | V9: =P9+S9-T9 -> 0 | W9: 0 | X9: 0 | Y9: =H9 -> 0 | Z9: =SUMIF('March 2027'!$B:$B,'PTO SUMMARY 2027'!M9,'March 2027'!$AK:$AK) -> 0 | AA9: =V9+Y9-Z9 -> 0 | AB9: 0 | AC9: 0 | AD9: 0 | AE9: =K9-AD9 -> 0 | AF9: 0 | AG9: =AE9-AF9 -> 0 | AH9: =H9 -> 0 | AI9: =SUMIF('April 2027'!$B:$B,'PTO SUMMARY 2027'!V9,'April 2027'!$AK:$AK) -> 0 | AJ9: =AA9+AH9-AI9 -> 0 | AK9: 0 | AL9: 0 | AM9: =H9 -> 0 | AN9: =SUMIF('May 2027'!$B:$B,'PTO SUMMARY 2027'!AA9,'May 2027'!$AK:$AK) -> 0 | AO9: =ROUND((AJ9+AM9-AN9),2) -> 0 | AP9: 0 | AQ9: 0 | AR9: =H9 -> 0 | AS9: =SUMIF('June 2027'!$B:$B,'PTO SUMMARY 2027'!AF9,'June 2027'!$AK:$AK) -> 0 | AT9: =AO9+AR9-AS9 -> 0 | AU9: 0 | AV9: 0 | AW9: 0 | AX9: 0 | AY9: 0 | AZ9: =AX9-AY9 -> 0 | BA9: =H9 -> 0 | BB9: =SUMIF('July 2027'!$B:$B,'PTO SUMMARY 2027'!AK9,'July 2027'!$AK:$AK) -> 0 | BC9: =AT9+BA9-BB9 -> 0 | BD9: 0 | BE9: 0 | BF9: =H9 -> 0 | BG9: =SUMIF('August 2027'!$B:$B,'PTO SUMMARY 2027'!AP9,'August 2027'!$AK:$AK) -> 0 | BH9: =BC9+BF9-BG9 -> 0 | BI9: 0 | BJ9: 0 | BK9: =H9 -> 0 | BL9: =SUMIF('September 2027'!$B:$B,'PTO SUMMARY 2027'!AU9,'September 2027'!$AK:$AK) -> 0 | BM9: =BH9+BK9-BL9 -> 0 | BN9: 0 | BO9: 0 | BP9: 0 | BQ9: 0 | BR9: 0 | BS9: =BQ9-BR9 -> 0 | BT9: =H9 -> 0 | BU9: =SUMIF('October 2027'!$B:$B,'PTO SUMMARY 2027'!BH9,'October 2027'!$AK:$AK) -> 0 | BV9: =BM9+BT9-BU9 -> 0 | BW9: 0 | BX9: 0 | BY9: =H9 -> 0 | BZ9: =SUMIF('November 2027'!$B:$B,'PTO SUMMARY 2027'!BM9,'November 2027'!$AK:$AK) -> 0 | CA9: =BV9+BY9-BZ9 -> 0 | CB9: 0 | CC9: 0 | CD9: =H9 -> 0 | CE9: =SUMIF('December 2027'!$B:$B,'PTO SUMMARY 2027'!$B:$B,'December 2027'!$AK:$AK) -> 0 | CF9: =CA9+CD9-CE9 -> 0 | CG9: 0 | CH9: 0 | CI9: 0 | CJ9: 0 | CK9: 0 | CL9: 0 | CM9: 0 | CN9: =CK9+CL9-CM9 -> 0
A10: Bircher (Holttum), Jessica | B10: A2IN | C10: MD | D10: Y | E10: OWM | F10: BR | G10: 1 | H10: 0 | I10: 0 | J10: 0 | K10: 0 | L10: 0 | M10: 0 | N10: =H10 -> 0 | O10: =SUMIF('January 2027'!$B:$B,'PTO SUMMARY 2027'!B10,'January 2027'!$AK:$AK) -> 0 | P10: =L10+M10+N10-O10 -> 0 | Q10: 0 | R10: 0 | S10: =H10 -> 0 | T10: =SUMIF('February 2027'!$B:$B,'PTO SUMMARY 2027'!G10,'February 2027'!$AK:$AK) -> 0 | U10: 0 | V10: =P10+S10-T10 -> 0 | W10: 0 | X10: 0 | Y10: =H10 -> 0 | Z10: =SUMIF('March 2027'!$B:$B,'PTO SUMMARY 2027'!M10,'March 2027'!$AK:$AK) -> 0 | AA10: =V10+Y10-Z10 -> 0 | AB10: 0 | AC10: 0 | AD10: 0 | AE10: =K10-AD10 -> 0 | AF10: 0 | AG10: =AE10-AF10 -> 0 | AH10: =H10 -> 0 | AI10: =SUMIF('April 2027'!$B:$B,'PTO SUMMARY 2027'!V10,'April 2027'!$AK:$AK) -> 0 | AJ10: =AA10+AH10-AI10 -> 0 | AK10: 0 | AL10: 0 | AM10: =H10 -> 0 | AN10: =SUMIF('May 2027'!$B:$B,'PTO SUMMARY 2027'!AA10,'May 2027'!$AK:$AK) -> 0 | AO10: =ROUND((AJ10+AM10-AN10),2) -> 0 | AP10: 0 | AQ10: 0 | AR10: =H10 -> 0 | AS10: =SUMIF('June 2027'!$B:$B,'PTO SUMMARY 2027'!AF10,'June 2027'!$AK:$AK) -> 0 | AT10: =AO10+AR10-AS10 -> 0 | AU10: 0 | AV10: 0 | AW10: 0 | AX10: 0 | AY10: 0 | AZ10: =AX10-AY10 -> 0 | BA10: =H10 -> 0 | BB10: =SUMIF('July 2027'!$B:$B,'PTO SUMMARY 2027'!AK10,'July 2027'!$AK:$AK) -> 0 | BC10: =AT10+BA10-BB10 -> 0 | BD10: 0 | BE10: 0 | BF10: =H10 -> 0 | BG10: =SUMIF('August 2027'!$B:$B,'PTO SUMMARY 2027'!AP10,'August 2027'!$AK:$AK) -> 0 | BH10: =BC10+BF10-BG10 -> 0 | BI10: 0 | BJ10: 0 | BK10: =H10 -> 0 | BL10: =SUMIF('September 2027'!$B:$B,'PTO SUMMARY 2027'!AU10,'September 2027'!$AK:$AK) -> 0 | BM10: =BH10+BK10-BL10 -> 0 | BN10: 0 | BO10: 0 | BP10: 0 | BQ10: 0 | BR10: 0 | BS10: =BQ10-BR10 -> 0 | BT10: =H10 -> 0 | BU10: =SUMIF('October 2027'!$B:$B,'PTO SUMMARY 2027'!BH10,'October 2027'!$AK:$AK) -> 0 | BV10: =BM10+BT10-BU10 -> 0 | BW10: 0 | BX10: 0 | BY10: =H10 -> 0 | BZ10: =SUMIF('November 2027'!$B:$B,'PTO SUMMARY 2027'!BM10,'November 2027'!$AK:$AK) -> 0 | CA10: =BV10+BY10-BZ10 -> 0 | CB10: 0 | CC10: 0 | CD10: =H10 -> 0 | CE10: =SUMIF('December 2027'!$B:$B,'PTO SUMMARY 2027'!$B:$B,'December 2027'!$AK:$AK) -> 0 | CF10: =CA10+CD10-CE10 -> 0 | CG10: 0 | CH10: 0 | CI10: 0 | CJ10: 0 | CK10: 0 | CL10: 0 | CM10: 0 | CN10: =CK10+CL10-CM10 -> 0
A11: Bishop, Jennifer | B11: A1YF | C11: APC | E11: SMA | F11: PKMD | G11: 0.8 | H11: =((G11*86.67)*2)*(SUMIF('Accrual Rates'!B:B,'PTO SUMMARY 2027'!B11,'Accrual Rates'!G:G)) -> 13.866645 | I11: 0 | J11: 0 | K11: 0 | L11: 0 | M11: 0 | N11: =H11 -> 13.866645 | O11: =SUMIF('January 2027'!$B:$B,'PTO SUMMARY 2027'!B11,'January 2027'!$AK:$AK) -> 0 | P11: =L11+M11+N11-O11 -> 13.866645 | Q11: 0 | R11: 0 | S11: =H11 -> 13.866645 | T11: =SUMIF('February 2027'!$B:$B,'PTO SUMMARY 2027'!G11,'February 2027'!$AK:$AK) -> 0 | U11: 0 | V11: =P11+S11-T11 -> 27.733291 | W11: 0 | X11: 0 | Y11: =H11 -> 13.866645 | Z11: =SUMIF('March 2027'!$B:$B,'PTO SUMMARY 2027'!M11,'March 2027'!$AK:$AK) -> 0 | AA11: =V11+Y11-Z11 -> 41.599936 | AB11: 0 | AC11: 0 | AD11: 0 | AE11: =K11-AD11 -> 0 | AF11: 0 | AG11: =AE11-AF11 -> 0 | AH11: =H11 -> 13.866645 | AI11: =SUMIF('April 2027'!$B:$B,'PTO SUMMARY 2027'!V11,'April 2027'!$AK:$AK) -> 0 | AJ11: =AA11+AH11-AI11 -> 55.466581 | AK11: 0 | AL11: 0 | AM11: =H11 -> 13.866645 | AN11: =SUMIF('May 2027'!$B:$B,'PTO SUMMARY 2027'!AA11,'May 2027'!$AK:$AK) -> 0 | AO11: =ROUND((AJ11+AM11-AN11),2) -> 69.33 | AP11: 0 | AQ11: 0 | AR11: =H11 -> 13.866645 | AS11: =SUMIF('June 2027'!$B:$B,'PTO SUMMARY 2027'!AF11,'June 2027'!$AK:$AK) -> 0 | AT11: =AO11+AR11-AS11 -> 83.196645 | AU11: 0 | AV11: 0 | AW11: 0 | AX11: 0 | AY11: 0 | AZ11: =AX11-AY11 -> 0 | BA11: =H11 -> 13.866645 | BB11: =SUMIF('July 2027'!$B:$B,'PTO SUMMARY 2027'!AK11,'July 2027'!$AK:$AK) -> 0 | BC11: =AT11+BA11-BB11 -> 97.063291 | BD11: 0 | BE11: 0 | BF11: =H11 -> 13.866645 | BG11: =SUMIF('August 2027'!$B:$B,'PTO SUMMARY 2027'!AP11,'August 2027'!$AK:$AK) -> 0 | BH11: =BC11+BF11-BG11 -> 110.92994 | BI11: 0 | BJ11: 0 | BK11: =H11 -> 13.866645 | BL11: =SUMIF('September 2027'!$B:$B,'PTO SUMMARY 2027'!AU11,'September 2027'!$AK:$AK) -> 0 | BM11: =BH11+BK11-BL11 -> 124.79658 | BN11: 0 | BO11: 0 | BP11: 0 | BQ11: 0 | BR11: 0 | BS11: =BQ11-BR11 -> 0 | BT11: =H11 -> 13.866645 | BU11: =SUMIF('October 2027'!$B:$B,'PTO SUMMARY 2027'!BH11,'October 2027'!$AK:$AK) -> 0 | BV11: =BM11+BT11-BU11 -> 138.66323 | BW11: 0 | BX11: 0 | BY11: =H11 -> 13.866645 | BZ11: =SUMIF('November 2027'!$B:$B,'PTO SUMMARY 2027'!BM11,'November 2027'!$AK:$AK) -> 0 | CA11: =BV11+BY11-BZ11 -> 152.52987 | CB11: 0 | CC11: 0 | CD11: =H11 -> 13.866645 | CE11: =SUMIF('December 2027'!$B:$B,'PTO SUMMARY 2027'!$B:$B,'December 2027'!$AK:$AK) -> 0 | CF11: =CA11+CD11-CE11 -> 166.39652 | CG11: 0 | CH11: 0 | CI11: 0 | CJ11: 0 | CK11: 0 | CL11: 0 | CM11: 0 | CN11: =CK11+CL11-CM11 -> 0
A12: Boehm, Holly | B12: A1YX | C12: APC | D12: Y | E12: OWA | F12: OCmid | G12: 1 | H12: 0 | I12: 0 | J12: 0 | K12: 0 | L12: 0 | M12: 0 | N12: =H12 -> 0 | O12: =SUMIF('January 2027'!$B:$B,'PTO SUMMARY 2027'!B12,'January 2027'!$AK:$AK) -> 0 | P12: =L12+M12+N12-O12 -> 0 | Q12: 0 | R12: 0 | S12: =H12 -> 0 | T12: =SUMIF('February 2027'!$B:$B,'PTO SUMMARY 2027'!G12,'February 2027'!$AK:$AK) -> 0 | U12: 0 | V12: =P12+S12-T12 -> 0 | W12: 0 | X12: 0 | Y12: =H12 -> 0 | Z12: =SUMIF('March 2027'!$B:$B,'PTO SUMMARY 2027'!M12,'March 2027'!$AK:$AK) -> 0 | AA12: =V12+Y12-Z12 -> 0 | AB12: 0 | AC12: 0 | AD12: 0 | AE12: =K12-AD12 -> 0 | AF12: 0 | AG12: =AE12-AF12 -> 0 | AH12: =H12 -> 0 | AI12: =SUMIF('April 2027'!$B:$B,'PTO SUMMARY 2027'!V12,'April 2027'!$AK:$AK) -> 0 | AJ12: =AA12+AH12-AI12 -> 0 | AK12: 0 | AL12: 0 | AM12: =H12 -> 0 | AN12: =SUMIF('May 2027'!$B:$B,'PTO SUMMARY 2027'!AA12,'May 2027'!$AK:$AK) -> 0 | AO12: =ROUND((AJ12+AM12-AN12),2) -> 0 | AP12: 0 | AQ12: 0 | AR12: =H12 -> 0 | AS12: =SUMIF('June 2027'!$B:$B,'PTO SUMMARY 2027'!AF12,'June 2027'!$AK:$AK) -> 0 | AT12: =AO12+AR12-AS12 -> 0 | AU12: 0 | AV12: 0 | AW12: 0 | AX12: 0 | AY12: 0 | AZ12: =AX12-AY12 -> 0 | BA12: =H12 -> 0 | BB12: =SUMIF('July 2027'!$B:$B,'PTO SUMMARY 2027'!AK12,'July 2027'!$AK:$AK) -> 0 | BC12: =AT12+BA12-BB12 -> 0 | BD12: 0 | BE12: 0 | BF12: =H12 -> 0 | BG12: =SUMIF('August 2027'!$B:$B,'PTO SUMMARY 2027'!AP12,'August 2027'!$AK:$AK) -> 0 | BH12: =BC12+BF12-BG12 -> 0 | BI12: 0 | BJ12: 0 | BK12: =H12 -> 0 | BL12: =SUMIF('September 2027'!$B:$B,'PTO SUMMARY 2027'!AU12,'September 2027'!$AK:$AK) -> 0 | BM12: =BH12+BK12-BL12 -> 0 | BN12: 0 | BO12: 0 | BP12: 0 | BQ12: 0 | BR12: 0 | BS12: =BQ12-BR12 -> 0 | BT12: =H12 -> 0 | BU12: =SUMIF('October 2027'!$B:$B,'PTO SUMMARY 2027'!BH12,'October 2027'!$AK:$AK) -> 0 | BV12: =BM12+BT12-BU12 -> 0 | BW12: 0 | BX12: 0 | BY12: =H12 -> 0 | BZ12: =SUMIF('November 2027'!$B:$B,'PTO SUMMARY 2027'!BM12,'November 2027'!$AK:$AK) -> 0 | CA12: =BV12+BY12-BZ12 -> 0 | CB12: 0 | CC12: 0 | CD12: =H12 -> 0 | CE12: =SUMIF('December 2027'!$B:$B,'PTO SUMMARY 2027'!$B:$B,'December 2027'!$AK:$AK) -> 0 | CF12: =CA12+CD12-CE12 -> 0 | CG12: 0 | CH12: 0 | CI12: 0 | CJ12: 0 | CK12: 0 | CL12: 0 | CM12: 0 | CN12: =CK12+CL12-CM12 -> 0
A13: Bondurant, Reid | B13: A1ZB | C13: APC | E13: SMA | F13: PKmid | G13: 1 | H13: =((G13*86.67)*2)*(SUMIF('Accrual Rates'!B:B,'PTO SUMMARY 2027'!B13,'Accrual Rates'!G:G)) -> 13.333313 | I13: 0 | J13: 0 | K13: 0 | L13: 0 | M13: 0 | N13: =H13 -> 13.333313 | O13: =SUMIF('January 2027'!$B:$B,'PTO SUMMARY 2027'!B13,'January 2027'!$AK:$AK) -> 0 | P13: =L13+M13+N13-O13 -> 13.333313 | Q13: 0 | R13: 0 | S13: =H13 -> 13.333313 | T13: =SUMIF('February 2027'!$B:$B,'PTO SUMMARY 2027'!G13,'February 2027'!$AK:$AK) -> 0 | U13: 0 | V13: =P13+S13-T13 -> 26.666626 | W13: 0 | X13: 0 | Y13: =H13 -> 13.333313 | Z13: =SUMIF('March 2027'!$B:$B,'PTO SUMMARY 2027'!M13,'March 2027'!$AK:$AK) -> 0 | AA13: =V13+Y13-Z13 -> 39.999938 | AB13: 0 | AC13: 0 | AD13: 0 | AE13: =K13-AD13 -> 0 | AF13: 0 | AG13: =AE13-AF13 -> 0 | AH13: =H13 -> 13.333313 | AI13: =SUMIF('April 2027'!$B:$B,'PTO SUMMARY 2027'!V13,'April 2027'!$AK:$AK) -> 0 | AJ13: =AA13+AH13-AI13 -> 53.333251 | AK13: 0 | AL13: 0 | AM13: =H13 -> 13.333313 | AN13: =SUMIF('May 2027'!$B:$B,'PTO SUMMARY 2027'!AA13,'May 2027'!$AK:$AK) -> 0 | AO13: =ROUND((AJ13+AM13-AN13),2) -> 66.67 | AP13: 0 | AQ13: 0 | AR13: =H13 -> 13.333313 | AS13: =SUMIF('June 2027'!$B:$B,'PTO SUMMARY 2027'!AF13,'June 2027'!$AK:$AK) -> 0 | AT13: =AO13+AR13-AS13 -> 80.003313 | AU13: 0 | AV13: 0 | AW13: 0 | AX13: 0 | AY13: 0 | AZ13: =AX13-AY13 -> 0 | BA13: =H13 -> 13.333313 | BB13: =SUMIF('July 2027'!$B:$B,'PTO SUMMARY 2027'!AK13,'July 2027'!$AK:$AK) -> 0 | BC13: =AT13+BA13-BB13 -> 93.336626 | BD13: 0 | BE13: 0 | BF13: =H13 -> 13.333313 | BG13: =SUMIF('August 2027'!$B:$B,'PTO SUMMARY 2027'!AP13,'August 2027'!$AK:$AK) -> 0 | BH13: =BC13+BF13-BG13 -> 106.66994 | BI13: 0 | BJ13: 0 | BK13: =H13 -> 13.333313 | BL13: =SUMIF('September 2027'!$B:$B,'PTO SUMMARY 2027'!AU13,'September 2027'!$AK:$AK) -> 0 | BM13: =BH13+BK13-BL13 -> 120.00325 | BN13: 0 | BO13: 0 | BP13: 0 | BQ13: 0 | BR13: 0 | BS13: =BQ13-BR13 -> 0 | BT13: =H13 -> 13.333313 | BU13: =SUMIF('October 2027'!$B:$B,'PTO SUMMARY 2027'!BH13,'October 2027'!$AK:$AK) -> 0 | BV13: =BM13+BT13-BU13 -> 133.33656 | BW13: 0 | BX13: 0 | BY13: =H13 -> 13.333313 | BZ13: =SUMIF('November 2027'!$B:$B,'PTO SUMMARY 2027'!BM13,'November 2027'!$AK:$AK) -> 0 | CA13: =BV13+BY13-BZ13 -> 146.66988 | CB13: 0 | CC13: 0 | CD13: =H13 -> 13.333313 | CE13: =SUMIF('December 2027'!$B:$B,'PTO SUMMARY 2027'!$B:$B,'December 2027'!$AK:$AK) -> 0 | CF13: =CA13+CD13-CE13 -> 160.00319 | CG13: 0 | CH13: 0 | CI13: 0 | CJ13: 0 | CK13: 0 | CL13: 0 | CM13: 0 | CN13: =CK13+CL13-CM13 -> 0
A14: Boyles, Sarah | B14: A3PJ | C14: MD | E14: SAM | F14: PKMD | G14: 1 | H14: =((G14*86.67)*2)*(SUMIF('Accrual Rates'!B:B,'PTO SUMMARY 2027'!B14,'Accrual Rates'!G:G)) -> 13.333313 | I14: 0 | J14: 0 | K14: 0 | L14: 0 | M14: 0 | N14: =H14 -> 13.333313 | O14: =SUMIF('January 2027'!$B:$B,'PTO SUMMARY 2027'!B14,'January 2027'!$AK:$AK) -> 0 | P14: =L14+M14+N14-O14 -> 13.333313 | Q14: 0 | R14: 0 | S14: =H14 -> 13.333313 | T14: =SUMIF('February 2027'!$B:$B,'PTO SUMMARY 2027'!G14,'February 2027'!$AK:$AK) -> 0 | U14: 0 | V14: =P14+S14-T14 -> 26.666626 | W14: 0 | X14: 0 | Y14: =H14 -> 13.333313 | Z14: =SUMIF('March 2027'!$B:$B,'PTO SUMMARY 2027'!M14,'March 2027'!$AK:$AK) -> 0 | AA14: =V14+Y14-Z14 -> 39.999938 | AB14: 0 | AC14: 0 | AD14: 0 | AE14: =K14-AD14 -> 0 | AF14: 0 | AG14: =AE14-AF14 -> 0 | AH14: =H14 -> 13.333313 | AI14: =SUMIF('April 2027'!$B:$B,'PTO SUMMARY 2027'!V14,'April 2027'!$AK:$AK) -> 0 | AJ14: =AA14+AH14-AI14 -> 53.333251 | AK14: 0 | AL14: 0 | AM14: =H14 -> 13.333313 | AN14: =SUMIF('May 2027'!$B:$B,'PTO SUMMARY 2027'!AA14,'May 2027'!$AK:$AK) -> 0 | AO14: =ROUND((AJ14+AM14-AN14),2) -> 66.67 | AP14: 0 | AQ14: 0 | AR14: =H14 -> 13.333313 | AS14: =SUMIF('June 2027'!$B:$B,'PTO SUMMARY 2027'!AF14,'June 2027'!$AK:$AK) -> 0 | AT14: =AO14+AR14-AS14 -> 80.003313 | AU14: 0 | AV14: 0 | AW14: 0 | AX14: 0 | AY14: 0 | AZ14: =AX14-AY14 -> 0 | BA14: =H14 -> 13.333313 | BB14: =SUMIF('July 2027'!$B:$B,'PTO SUMMARY 2027'!AK14,'July 2027'!$AK:$AK) -> 0 | BC14: =AT14+BA14-BB14 -> 93.336626 | BD14: 0 | BE14: 0 | BF14: =H14 -> 13.333313 | BG14: =SUMIF('August 2027'!$B:$B,'PTO SUMMARY 2027'!AP14,'August 2027'!$AK:$AK) -> 0 | BH14: =BC14+BF14-BG14 -> 106.66994 | BI14: 0 | BJ14: 0 | BK14: =H14 -> 13.333313 | BL14: =SUMIF('September 2027'!$B:$B,'PTO SUMMARY 2027'!AU14,'September 2027'!$AK:$AK) -> 0 | BM14: =BH14+BK14-BL14 -> 120.00325 | BN14: 0 | BO14: 0 | BP14: 0 | BQ14: 0 | BR14: 0 | BS14: =BQ14-BR14 -> 0 | BT14: =H14 -> 13.333313 | BU14: =SUMIF('October 2027'!$B:$B,'PTO SUMMARY 2027'!BH14,'October 2027'!$AK:$AK) -> 0 | BV14: =BM14+BT14-BU14 -> 133.33656 | BW14: 0 | BX14: 0 | BY14: =H14 -> 13.333313 | BZ14: =SUMIF('November 2027'!$B:$B,'PTO SUMMARY 2027'!BM14,'November 2027'!$AK:$AK) -> 0 | CA14: =BV14+BY14-BZ14 -> 146.66988 | CB14: 0 | CC14: 0 | CD14: =H14 -> 13.333313 | CE14: =SUMIF('December 2027'!$B:$B,'PTO SUMMARY 2027'!$B:$B,'December 2027'!$AK:$AK) -> 0 | CF14: =CA14+CD14-CE14 -> 160.00319 | CG14: 0 | CH14: 0 | CI14: 0 | CJ14: 0 | CK14: 0 | CL14: 0 | CM14: 0 | CN14: =CK14+CL14-CM14 -> 0
A15: Braun, Andrew | B15: A3NB | C15: MD | E15: SAM | F15: GW | G15: 1 | H15: =((G15*86.67)*2)*(SUMIF('Accrual Rates'!B:B,'PTO SUMMARY 2027'!B15,'Accrual Rates'!G:G)) -> 15.999975 | I15: 0 | J15: 0 | K15: 0 | L15: 0 | M15: 0 | N15: =H15 -> 15.999975 | O15: =SUMIF('January 2027'!$B:$B,'PTO SUMMARY 2027'!B15,'January 2027'!$AK:$AK) -> 0 | P15: =L15+M15+N15-O15 -> 15.999975 | Q15: 0 | R15: 0 | S15: =H15 -> 15.999975 | T15: =SUMIF('February 2027'!$B:$B,'PTO SUMMARY 2027'!G15,'February 2027'!$AK:$AK) -> 0 | U15: 0 | V15: =P15+S15-T15 -> 31.999951 | W15: 0 | X15: 0 | Y15: =H15 -> 15.999975 | Z15: =SUMIF('March 2027'!$B:$B,'PTO SUMMARY 2027'!M15,'March 2027'!$AK:$AK) -> 0 | AA15: =V15+Y15-Z15 -> 47.999926 | AB15: 0 | AC15: 0 | AD15: 0 | AE15: =K15-AD15 -> 0 | AF15: 0 | AG15: =AE15-AF15 -> 0 | AH15: =H15 -> 15.999975 | AI15: =SUMIF('April 2027'!$B:$B,'PTO SUMMARY 2027'!V15,'April 2027'!$AK:$AK) -> 0 | AJ15: =AA15+AH15-AI15 -> 63.999901 | AK15: 0 | AL15: 0 | AM15: =H15 -> 15.999975 | AN15: =SUMIF('May 2027'!$B:$B,'PTO SUMMARY 2027'!AA15,'May 2027'!$AK:$AK) -> 0 | AO15: =ROUND((AJ15+AM15-AN15),2) -> 80 | AP15: 0 | AQ15: 0 | AR15: =H15 -> 15.999975 | AS15: =SUMIF('June 2027'!$B:$B,'PTO SUMMARY 2027'!AF15,'June 2027'!$AK:$AK) -> 0 | AT15: =AO15+AR15-AS15 -> 95.999975 | AU15: 0 | AV15: 0 | AW15: 0 | AX15: 0 | AY15: 0 | AZ15: =AX15-AY15 -> 0 | BA15: =H15 -> 15.999975 | BB15: =SUMIF('July 2027'!$B:$B,'PTO SUMMARY 2027'!AK15,'July 2027'!$AK:$AK) -> 0 | BC15: =AT15+BA15-BB15 -> 111.99995 | BD15: 0 | BE15: 0 | BF15: =H15 -> 15.999975 | BG15: =SUMIF('August 2027'!$B:$B,'PTO SUMMARY 2027'!AP15,'August 2027'!$AK:$AK) -> 0 | BH15: =BC15+BF15-BG15 -> 127.99993 | BI15: 0 | BJ15: 0 | BK15: =H15 -> 15.999975 | BL15: =SUMIF('September 2027'!$B:$B,'PTO SUMMARY 2027'!AU15,'September 2027'!$AK:$AK) -> 0 | BM15: =BH15+BK15-BL15 -> 143.9999 | BN15: 0 | BO15: 0 | BP15: 0 | BQ15: 0 | BR15: 0 | BS15: =BQ15-BR15 -> 0 | BT15: =H15 -> 15.999975 | BU15: =SUMIF('October 2027'!$B:$B,'PTO SUMMARY 2027'!BH15,'October 2027'!$AK:$AK) -> 0 | BV15: =BM15+BT15-BU15 -> 159.99988 | BW15: 0 | BX15: 0 | BY15: =H15 -> 15.999975 | BZ15: =SUMIF('November 2027'!$B:$B,'PTO SUMMARY 2027'!BM15,'November 2027'!$AK:$AK) -> 0 | CA15: =BV15+BY15-BZ15 -> 175.99985 | CB15: 0 | CC15: 0 | CD15: =H15 -> 15.999975 | CE15: =SUMIF('December 2027'!$B:$B,'PTO SUMMARY 2027'!$B:$B,'December 2027'!$AK:$AK) -> 0 | CF15: =CA15+CD15-CE15 -> 191.99983 | CG15: 0 | CH15: 0 | CI15: 0 | CJ15: 0 | CK15: 0 | CL15: 0 | CM15: 0 | CN15: =CK15+CL15-CM15 -> 0
A16: Brennan, Thomas | B16: A209 | C16: MD | D16: Y | E16: OWM | F16: PKMD | G16: 1 | H16: 0 | I16: 0 | J16: 0 | K16: 0 | L16: 0 | M16: 0 | N16: =H16 -> 0 | O16: =SUMIF('January 2027'!$B:$B,'PTO SUMMARY 2027'!B16,'January 2027'!$AK:$AK) -> 0 | P16: =L16+M16+N16-O16 -> 0 | Q16: 0 | R16: 0 | S16: =H16 -> 0 | T16: =SUMIF('February 2027'!$B:$B,'PTO SUMMARY 2027'!G16,'February 2027'!$AK:$AK) -> 0 | U16: 0 | V16: =P16+S16-T16 -> 0 | W16: 0 | X16: 0 | Y16: =H16 -> 0 | Z16: =SUMIF('March 2027'!$B:$B,'PTO SUMMARY 2027'!M16,'March 2027'!$AK:$AK) -> 0 | AA16: =V16+Y16-Z16 -> 0 | AB16: 0 | AC16: 0 | AD16: 0 | AE16: =K16-AD16 -> 0 | AF16: 0 | AG16: =AE16-AF16 -> 0 | AH16: =H16 -> 0 | AI16: =SUMIF('April 2027'!$B:$B,'PTO SUMMARY 2027'!V16,'April 2027'!$AK:$AK) -> 0 | AJ16: =AA16+AH16-AI16 -> 0 | AK16: 0 | AL16: 0 | AM16: =H16 -> 0 | AN16: =SUMIF('May 2027'!$B:$B,'PTO SUMMARY 2027'!AA16,'May 2027'!$AK:$AK) -> 0 | AO16: =ROUND((AJ16+AM16-AN16),2) -> 0 | AP16: 0 | AQ16: 0 | AR16: =H16 -> 0 | AS16: =SUMIF('June 2027'!$B:$B,'PTO SUMMARY 2027'!AF16,'June 2027'!$AK:$AK) -> 0 | AT16: =AO16+AR16-AS16 -> 0 | AU16: 0 | AV16: 0 | AW16: 0 | AX16: 0 | AY16: 0 | AZ16: =AX16-AY16 -> 0 | BA16: =H16 -> 0 | BB16: =SUMIF('July 2027'!$B:$B,'PTO SUMMARY 2027'!AK16,'July 2027'!$AK:$AK) -> 0 | BC16: =AT16+BA16-BB16 -> 0 | BD16: 0 | BE16: 0 | BF16: =H16 -> 0 | BG16: =SUMIF('August 2027'!$B:$B,'PTO SUMMARY 2027'!AP16,'August 2027'!$AK:$AK) -> 0 | BH16: =BC16+BF16-BG16 -> 0 | BI16: 0 | BJ16: 0 | BK16: =H16 -> 0 | BL16: =SUMIF('September 2027'!$B:$B,'PTO SUMMARY 2027'!AU16,'September 2027'!$AK:$AK) -> 0 | BM16: =BH16+BK16-BL16 -> 0 | BN16: 0 | BO16: 0 | BP16: 0 | BQ16: 0 | BR16: 0 | BS16: =BQ16-BR16 -> 0 | BT16: =H16 -> 0 | BU16: =SUMIF('October 2027'!$B:$B,'PTO SUMMARY 2027'!BH16,'October 2027'!$AK:$AK) -> 0 | BV16: =BM16+BT16-BU16 -> 0 | BW16: 0 | BX16: 0 | BY16: =H16 -> 0 | BZ16: =SUMIF('November 2027'!$B:$B,'PTO SUMMARY 2027'!BM16,'November 2027'!$AK:$AK) -> 0 | CA16: =BV16+BY16-BZ16 -> 0 | CB16: 0 | CC16: 0 | CD16: =H16 -> 0 | CE16: =SUMIF('December 2027'!$B:$B,'PTO SUMMARY 2027'!$B:$B,'December 2027'!$AK:$AK) -> 0 | CF16: =CA16+CD16-CE16 -> 0 | CG16: 0 | CH16: 0 | CI16: 0 | CJ16: 0 | CK16: 0 | CL16: 0 | CM16: 0 | CN16: =CK16+CL16-CM16 -> 0
A17: Bronson, Joline | B17: A20L | C17: MD | D17: Y | E17: OWM | F17: OCMD | G17: 0.87 | H17: 0 | I17: 0 | J17: 0 | K17: 0 | L17: 0 | M17: 0 | N17: =H17 -> 0 | O17: =SUMIF('January 2027'!$B:$B,'PTO SUMMARY 2027'!B17,'January 2027'!$AK:$AK) -> 0 | P17: =L17+M17+N17-O17 -> 0 | Q17: 0 | R17: 0 | S17: =H17 -> 0 | T17: =SUMIF('February 2027'!$B:$B,'PTO SUMMARY 2027'!G17,'February 2027'!$AK:$AK) -> 0 | U17: 0 | V17: =P17+S17-T17 -> 0 | W17: 0 | X17: 0 | Y17: =H17 -> 0 | Z17: =SUMIF('March 2027'!$B:$B,'PTO SUMMARY 2027'!M17,'March 2027'!$AK:$AK) -> 0 | AA17: =V17+Y17-Z17 -> 0 | AB17: 0 | AC17: 0 | AD17: 0 | AE17: =K17-AD17 -> 0 | AF17: 0 | AG17: =AE17-AF17 -> 0 | AH17: =H17 -> 0 | AI17: =SUMIF('April 2027'!$B:$B,'PTO SUMMARY 2027'!V17,'April 2027'!$AK:$AK) -> 0 | AJ17: =AA17+AH17-AI17 -> 0 | AK17: 0 | AL17: 0 | AM17: =H17 -> 0 | AN17: =SUMIF('May 2027'!$B:$B,'PTO SUMMARY 2027'!AA17,'May 2027'!$AK:$AK) -> 0 | AO17: =ROUND((AJ17+AM17-AN17),2) -> 0 | AP17: 0 | AQ17: 0 | AR17: =H17 -> 0 | AS17: =SUMIF('June 2027'!$B:$B,'PTO SUMMARY 2027'!AF17,'June 2027'!$AK:$AK) -> 0 | AT17: =AO17+AR17-AS17 -> 0 | AU17: 0 | AV17: 0 | AW17: 0 | AX17: 0 | AY17: 0 | AZ17: =AX17-AY17 -> 0 | BA17: =H17 -> 0 | BB17: =SUMIF('July 2027'!$B:$B,'PTO SUMMARY 2027'!AK17,'July 2027'!$AK:$AK) -> 0 | BC17: =AT17+BA17-BB17 -> 0 | BD17: 0 | BE17: 0 | BF17: =H17 -> 0 | BG17: =SUMIF('August 2027'!$B:$B,'PTO SUMMARY 2027'!AP17,'August 2027'!$AK:$AK) -> 0 | BH17: =BC17+BF17-BG17 -> 0 | BI17: 0 | BJ17: 0 | BK17: =H17 -> 0 | BL17: =SUMIF('September 2027'!$B:$B,'PTO SUMMARY 2027'!AU17,'September 2027'!$AK:$AK) -> 0 | BM17: =BH17+BK17-BL17 -> 0 | BN17: 0 | BO17: 0 | BP17: 0 | BQ17: 0 | BR17: 0 | BS17: =BQ17-BR17 -> 0 | BT17: =H17 -> 0 | BU17: =SUMIF('October 2027'!$B:$B,'PTO SUMMARY 2027'!BH17,'October 2027'!$AK:$AK) -> 0 | BV17: =BM17+BT17-BU17 -> 0 | BW17: 0 | BX17: 0 | BY17: =H17 -> 0 | BZ17: =SUMIF('November 2027'!$B:$B,'PTO SUMMARY 2027'!BM17,'November 2027'!$AK:$AK) -> 0 | CA17: =BV17+BY17-BZ17 -> 0 | CB17: 0 | CC17: 0 | CD17: =H17 -> 0 | CE17: =SUMIF('December 2027'!$B:$B,'PTO SUMMARY 2027'!$B:$B,'December 2027'!$AK:$AK) -> 0 | CF17: =CA17+CD17-CE17 -> 0 | CG17: 0 | CH17: 0 | CI17: 0 | CJ17: 0 | CK17: 0 | CL17: 0 | CM17: 0 | CN17: =CK17+CL17-CM17 -> 0
A18: Burgoine, Gary | B18: A21A | C18: MD | D18: Y | E18: OWM | F18: TN | G18: 1 | H18: 0 | I18: 0 | J18: 0 | K18: 0 | L18: 0 | M18: 0 | N18: =H18 -> 0 | O18: =SUMIF('January 2027'!$B:$B,'PTO SUMMARY 2027'!B18,'January 2027'!$AK:$AK) -> 0 | P18: =L18+M18+N18-O18 -> 0 | Q18: 0 | R18: 0 | S18: =H18 -> 0 | T18: =SUMIF('February 2027'!$B:$B,'PTO SUMMARY 2027'!G18,'February 2027'!$AK:$AK) -> 0 | U18: 0 | V18: =P18+S18-T18 -> 0 | W18: 0 | X18: 0 | Y18: =H18 -> 0 | Z18: =SUMIF('March 2027'!$B:$B,'PTO SUMMARY 2027'!M18,'March 2027'!$AK:$AK) -> 0 | AA18: =V18+Y18-Z18-U18 -> 0 | AB18: 0 | AC18: 0 | AD18: 0 | AE18: =K18-AD18 -> 0 | AF18: 0 | AG18: =AE18-AF18 -> 0 | AH18: =H18 -> 0 | AI18: =SUMIF('April 2027'!$B:$B,'PTO SUMMARY 2027'!V18,'April 2027'!$AK:$AK) -> 0 | AJ18: =AA18+AH18-AI18 -> 0 | AK18: 0 | AL18: 0 | AM18: =H18 -> 0 | AN18: =SUMIF('May 2027'!$B:$B,'PTO SUMMARY 2027'!AA18,'May 2027'!$AK:$AK) -> 0 | AO18: =ROUND((AJ18+AM18-AN18),2) -> 0 | AP18: 0 | AQ18: 0 | AR18: =H18 -> 0 | AS18: =SUMIF('June 2027'!$B:$B,'PTO SUMMARY 2027'!AF18,'June 2027'!$AK:$AK) -> 0 | AT18: =AO18+AR18-AS18 -> 0 | AU18: 0 | AV18: 0 | AW18: 0 | AX18: 0 | AY18: 0 | AZ18: =AX18-AY18 -> 0 | BA18: =H18 -> 0 | BB18: =SUMIF('July 2027'!$B:$B,'PTO SUMMARY 2027'!AK18,'July 2027'!$AK:$AK) -> 0 | BC18: =AT18+BA18-BB18 -> 0 | BD18: 0 | BE18: 0 | BF18: =H18 -> 0 | BG18: =SUMIF('August 2027'!$B:$B,'PTO SUMMARY 2027'!AP18,'August 2027'!$AK:$AK) -> 0 | BH18: =BC18+BF18-BG18 -> 0 | BI18: 0 | BJ18: 0 | BK18: =H18 -> 0 | BL18: =SUMIF('September 2027'!$B:$B,'PTO SUMMARY 2027'!AU18,'September 2027'!$AK:$AK) -> 0 | BM18: =BH18+BK18-BL18 -> 0 | BN18: 0 | BO18: 0 | BP18: 0 | BQ18: 0 | BR18: 0 | BS18: =BQ18-BR18 -> 0 | BT18: =H18 -> 0 | BU18: =SUMIF('October 2027'!$B:$B,'PTO SUMMARY 2027'!BH18,'October 2027'!$AK:$AK) -> 0 | BV18: =BM18+BT18-BU18 -> 0 | BW18: 0 | BX18: 0 | BY18: =H18 -> 0 | BZ18: =SUMIF('November 2027'!$B:$B,'PTO SUMMARY 2027'!BM18,'November 2027'!$AK:$AK) -> 0 | CA18: =BV18+BY18-BZ18 -> 0 | CB18: 0 | CC18: 0 | CD18: =H18 -> 0 | CE18: =SUMIF('December 2027'!$B:$B,'PTO SUMMARY 2027'!$B:$B,'December 2027'!$AK:$AK) -> 0 | CF18: =CA18+CD18-CE18 -> 0 | CG18: 0 | CH18: 0 | CI18: 0 | CJ18: 0 | CK18: 0 | CL18: 0 | CM18: 0 | CN18: =CK18+CL18-CM18 -> 0
A19: Burke, Jamie | B19: A21B | C19: APC | E19: SMA | F19: GW | G19: 0.75 | H19: =((G19*86.67)*2)*(SUMIF('Accrual Rates'!B:B,'PTO SUMMARY 2027'!B19,'Accrual Rates'!G:G)) -> 12.99998 | I19: 0 | J19: 0 | K19: 0 | L19: 0 | M19: 0 | N19: =H19 -> 12.99998 | O19: =SUMIF('January 2027'!$B:$B,'PTO SUMMARY 2027'!B19,'January 2027'!$AK:$AK) -> 15 | P19: =L19+M19+N19-O19 -> -2.00002 | Q19: 0 | R19: 0 | S19: =H19 -> 12.99998 | T19: =SUMIF('February 2027'!$B:$B,'PTO SUMMARY 2027'!G19,'February 2027'!$AK:$AK) -> 0 | U19: 0 | V19: =P19+S19-T19 -> 10.99996 | W19: 0 | X19: 0 | Y19: =H19 -> 12.99998 | Z19: =SUMIF('March 2027'!$B:$B,'PTO SUMMARY 2027'!M19,'March 2027'!$AK:$AK) -> 0 | AA19: =V19+Y19-Z19 -> 23.99994 | AB19: 0 | AC19: 0 | AD19: 0 | AE19: =K19-AD19 -> 0 | AF19: 0 | AG19: =AE19-AF19 -> 0 | AH19: =H19 -> 12.99998 | AI19: =SUMIF('April 2027'!$B:$B,'PTO SUMMARY 2027'!V19,'April 2027'!$AK:$AK) -> 0 | AJ19: =AA19+AH19-AI19 -> 36.99992 | AK19: 0 | AL19: 0 | AM19: =H19 -> 12.99998 | AN19: =SUMIF('May 2027'!$B:$B,'PTO SUMMARY 2027'!AA19,'May 2027'!$AK:$AK) -> 0 | AO19: =ROUND((AJ19+AM19-AN19),2) -> 50 | AP19: 0 | AQ19: 0 | AR19: =H19 -> 12.99998 | AS19: =SUMIF('June 2027'!$B:$B,'PTO SUMMARY 2027'!AF19,'June 2027'!$AK:$AK) -> 0 | AT19: =AO19+AR19-AS19 -> 62.99998 | AU19: 0 | AV19: 0 | AW19: 0 | AX19: 0 | AY19: 0 | AZ19: =AX19-AY19 -> 0 | BA19: =H19 -> 12.99998 | BB19: =SUMIF('July 2027'!$B:$B,'PTO SUMMARY 2027'!AK19,'July 2027'!$AK:$AK) -> 0 | BC19: =AT19+BA19-BB19 -> 75.99996 | BD19: 0 | BE19: 0 | BF19: =H19 -> 12.99998 | BG19: =SUMIF('August 2027'!$B:$B,'PTO SUMMARY 2027'!AP19,'August 2027'!$AK:$AK) -> 0 | BH19: =BC19+BF19-BG19 -> 88.99994 | BI19: 0 | BJ19: 0 | BK19: =H19 -> 12.99998 | BL19: =SUMIF('September 2027'!$B:$B,'PTO SUMMARY 2027'!AU19,'September 2027'!$AK:$AK) -> 0 | BM19: =BH19+BK19-BL19 -> 101.99992 | BN19: 0 | BO19: 0 | BP19: 0 | BQ19: 0 | BR19: 0 | BS19: =BQ19-BR19 -> 0 | BT19: =H19 -> 12.99998 | BU19: =SUMIF('October 2027'!$B:$B,'PTO SUMMARY 2027'!BH19,'October 2027'!$AK:$AK) -> 0 | BV19: =BM19+BT19-BU19 -> 114.9999 | BW19: 0 | BX19: 0 | BY19: =H19 -> 12.99998 | BZ19: =SUMIF('November 2027'!$B:$B,'PTO SUMMARY 2027'!BM19,'November 2027'!$AK:$AK) -> 0 | CA19: =BV19+BY19-BZ19 -> 127.99988 | CB19: 0 | CC19: 0 | CD19: =H19 -> 12.99998 | CE19: =SUMIF('December 2027'!$B:$B,'PTO SUMMARY 2027'!$B:$B,'December 2027'!$AK:$AK) -> 0 | CF19: =CA19+CD19-CE19 -> 140.99986 | CG19: 0 | CH19: 0 | CI19: 0 | CJ19: 0 | CK19: 0 | CL19: 0 | CM19: 0 | CN19: =CK19+CL19-CM19 -> 0
A20: Carlyle, Marni | B20: A22L | C20: MD | D20: Y | E20: MFM | F20: PKMD | G20: 1 | H20: 0 | I20: 0 | J20: 0 | K20: 0 | L20: 0 | M20: 0 | N20: =H20 -> 0 | O20: =SUMIF('January 2027'!$B:$B,'PTO SUMMARY 2027'!B20,'January 2027'!$AK:$AK) -> 0 | P20: =L20+M20+N20-O20 -> 0 | Q20: 0 | R20: 0 | S20: =H20 -> 0 | T20: =SUMIF('February 2027'!$B:$B,'PTO SUMMARY 2027'!G20,'February 2027'!$AK:$AK) -> 0 | U20: 0 | V20: =P20+S20-T20 -> 0 | W20: 0 | X20: 0 | Y20: =H20 -> 0 | Z20: =SUMIF('March 2027'!$B:$B,'PTO SUMMARY 2027'!M20,'March 2027'!$AK:$AK) -> 0 | AA20: =V20+Y20-Z20 -> 0 | AB20: 0 | AC20: 0 | AD20: 0 | AE20: =K20-AD20 -> 0 | AF20: 0 | AG20: =AE20-AF20 -> 0 | AH20: =H20 -> 0 | AI20: =SUMIF('April 2027'!$B:$B,'PTO SUMMARY 2027'!V20,'April 2027'!$AK:$AK) -> 0 | AJ20: =AA20+AH20-AI20 -> 0 | AK20: 0 | AL20: 0 | AM20: =H20 -> 0 | AN20: =SUMIF('May 2027'!$B:$B,'PTO SUMMARY 2027'!AA20,'May 2027'!$AK:$AK) -> 0 | AO20: =ROUND((AJ20+AM20-AN20),2) -> 0 | AP20: 0 | AQ20: 0 | AR20: =H20 -> 0 | AS20: =SUMIF('June 2027'!$B:$B,'PTO SUMMARY 2027'!AF20,'June 2027'!$AK:$AK) -> 0 | AT20: =AO20+AR20-AS20 -> 0 | AU20: 0 | AV20: 0 | AW20: 0 | AX20: 0 | AY20: 0 | AZ20: =AX20-AY20 -> 0 | BA20: =H20 -> 0 | BB20: =SUMIF('July 2027'!$B:$B,'PTO SUMMARY 2027'!AK20,'July 2027'!$AK:$AK) -> 0 | BC20: =AT20+BA20-BB20 -> 0 | BD20: 0 | BE20: 0 | BF20: =H20 -> 0 | BG20: =SUMIF('August 2027'!$B:$B,'PTO SUMMARY 2027'!AP20,'August 2027'!$AK:$AK) -> 0 | BH20: =BC20+BF20-BG20 -> 0 | BI20: 0 | BJ20: 0 | BK20: =H20 -> 0 | BL20: =SUMIF('September 2027'!$B:$B,'PTO SUMMARY 2027'!AU20,'September 2027'!$AK:$AK) -> 0 | BM20: =BH20+BK20-BL20 -> 0 | BN20: 0 | BO20: 0 | BP20: 0 | BQ20: 0 | BR20: 0 | BS20: =BQ20-BR20 -> 0 | BT20: =H20 -> 0 | BU20: =SUMIF('October 2027'!$B:$B,'PTO SUMMARY 2027'!BH20,'October 2027'!$AK:$AK) -> 0 | BV20: =BM20+BT20-BU20 -> 0 | BW20: 0 | BX20: 0 | BY20: =H20 -> 0 | BZ20: =SUMIF('November 2027'!$B:$B,'PTO SUMMARY 2027'!BM20,'November 2027'!$AK:$AK) -> 0 | CA20: =BV20+BY20-BZ20 -> 0 | CB20: 0 | CC20: 0 | CD20: =H20 -> 0 | CE20: =SUMIF('December 2027'!$B:$B,'PTO SUMMARY 2027'!$B:$B,'December 2027'!$AK:$AK) -> 0 | CF20: =CA20+CD20-CE20 -> 0 | CG20: 0 | CH20: 0 | CI20: 0 | CJ20: 0 | CK20: 0 | CL20: 0 | CM20: 0 | CN20: =CK20+CL20-CM20 -> 0
A21: Chick, Rhonda | B21: A23E | C21: APC | E21: SMA | F21: PKmid | G21: 0.8 | H21: =((G21*86.67)*2)*(SUMIF('Accrual Rates'!B:B,'PTO SUMMARY 2027'!B21,'Accrual Rates'!G:G)) -> 13.866645 | I21: 0 | J21: 0 | K21: 0 | L21: 0 | M21: 0 | N21: =H21 -> 13.866645 | O21: =SUMIF('January 2027'!$B:$B,'PTO SUMMARY 2027'!B21,'January 2027'!$AK:$AK) -> 0 | P21: =L21+M21+N21-O21 -> 13.866645 | Q21: 0 | R21: 0 | S21: =H21 -> 13.866645 | T21: =SUMIF('February 2027'!$B:$B,'PTO SUMMARY 2027'!G21,'February 2027'!$AK:$AK) -> 0 | U21: 0 | V21: =P21+S21-T21 -> 27.733291 | W21: 0 | X21: 0 | Y21: =H21 -> 13.866645 | Z21: =SUMIF('March 2027'!$B:$B,'PTO SUMMARY 2027'!M21,'March 2027'!$AK:$AK) -> 0 | AA21: =V21+Y21-Z21 -> 41.599936 | AB21: 0 | AC21: 0 | AD21: 0 | AE21: =K21-AD21 -> 0 | AF21: 0 | AG21: =AE21-AF21 -> 0 | AH21: =H21 -> 13.866645 | AI21: =SUMIF('April 2027'!$B:$B,'PTO SUMMARY 2027'!V21,'April 2027'!$AK:$AK) -> 0 | AJ21: =AA21+AH21-AI21 -> 55.466581 | AK21: 0 | AL21: 0 | AM21: =H21 -> 13.866645 | AN21: =SUMIF('May 2027'!$B:$B,'PTO SUMMARY 2027'!AA21,'May 2027'!$AK:$AK) -> 0 | AO21: =ROUND((AJ21+AM21-AN21),2) -> 69.33 | AP21: 0 | AQ21: 0 | AR21: =H21 -> 13.866645 | AS21: =SUMIF('June 2027'!$B:$B,'PTO SUMMARY 2027'!AF21,'June 2027'!$AK:$AK) -> 0 | AT21: =AO21+AR21-AS21 -> 83.196645 | AU21: 0 | AV21: 0 | AW21: 0 | AX21: 0 | AY21: 0 | AZ21: =AX21-AY21 -> 0 | BA21: =H21 -> 13.866645 | BB21: =SUMIF('July 2027'!$B:$B,'PTO SUMMARY 2027'!AK21,'July 2027'!$AK:$AK) -> 0 | BC21: =AT21+BA21-BB21 -> 97.063291 | BD21: 0 | BE21: 0 | BF21: =H21 -> 13.866645 | BG21: =SUMIF('August 2027'!$B:$B,'PTO SUMMARY 2027'!AP21,'August 2027'!$AK:$AK) -> 0 | BH21: =BC21+BF21-BG21 -> 110.92994 | BI21: 0 | BJ21: 0 | BK21: =H21 -> 13.866645 | BL21: =SUMIF('September 2027'!$B:$B,'PTO SUMMARY 2027'!AU21,'September 2027'!$AK:$AK) -> 0 | BM21: =BH21+BK21-BL21 -> 124.79658 | BN21: 0 | BO21: 0 | BP21: 0 | BQ21: 0 | BR21: 0 | BS21: =BQ21-BR21 -> 0 | BT21: =H21 -> 13.866645 | BU21: =SUMIF('October 2027'!$B:$B,'PTO SUMMARY 2027'!BH21,'October 2027'!$AK:$AK) -> 0 | BV21: =BM21+BT21-BU21 -> 138.66323 | BW21: 0 | BX21: 0 | BY21: =H21 -> 13.866645 | BZ21: =SUMIF('November 2027'!$B:$B,'PTO SUMMARY 2027'!BM21,'November 2027'!$AK:$AK) -> 0 | CA21: =BV21+BY21-BZ21 -> 152.52987 | CB21: 0 | CC21: 0 | CD21: =H21 -> 13.866645 | CE21: =SUMIF('December 2027'!$B:$B,'PTO SUMMARY 2027'!$B:$B,'December 2027'!$AK:$AK) -> 0 | CF21: =CA21+CD21-CE21 -> 166.39652 | CG21: 0 | CH21: 0 | CI21: 0 | CJ21: 0 | CK21: 0 | CL21: 0 | CM21: 0 | CN21: =CK21+CL21-CM21 -> 0
A22: Cohen-MacGill, Misra | B22: A240 | C22: APC | E22: SMA | F22: OCmid | G22: 1 | H22: =((G22*86.67)*2)*(SUMIF('Accrual Rates'!B:B,'PTO SUMMARY 2027'!B22,'Accrual Rates'!G:G)) -> 17.333307 | I22: 0 | J22: 0 | K22: 0 | L22: 0 | M22: 0 | N22: =H22 -> 17.333307 | O22: =SUMIF('January 2027'!$B:$B,'PTO SUMMARY 2027'!B22,'January 2027'!$AK:$AK) -> 0 | P22: =L22+M22+N22-O22 -> 17.333307 | Q22: 0 | R22: 0 | S22: =H22 -> 17.333307 | T22: =SUMIF('February 2027'!$B:$B,'PTO SUMMARY 2027'!G22,'February 2027'!$AK:$AK) -> 0 | U22: 0 | V22: =P22+S22-T22 -> 34.666613 | W22: 0 | X22: 0 | Y22: =H22 -> 17.333307 | Z22: =SUMIF('March 2027'!$B:$B,'PTO SUMMARY 2027'!M22,'March 2027'!$AK:$AK) -> 0 | AA22: =V22+Y22-Z22 -> 51.99992 | AB22: 0 | AC22: 0 | AD22: 0 | AE22: =K22-AD22 -> 0 | AF22: 0 | AG22: =AE22-AF22 -> 0 | AH22: =H22 -> 17.333307 | AI22: =SUMIF('April 2027'!$B:$B,'PTO SUMMARY 2027'!V22,'April 2027'!$AK:$AK) -> 0 | AJ22: =AA22+AH22-AI22 -> 69.333227 | AK22: 0 | AL22: 0 | AM22: =H22 -> 17.333307 | AN22: =SUMIF('May 2027'!$B:$B,'PTO SUMMARY 2027'!AA22,'May 2027'!$AK:$AK) -> 0 | AO22: =ROUND((AJ22+AM22-AN22),2) -> 86.67 | AP22: 0 | AQ22: 0 | AR22: =H22 -> 17.333307 | AS22: =SUMIF('June 2027'!$B:$B,'PTO SUMMARY 2027'!AF22,'June 2027'!$AK:$AK) -> 0 | AT22: =AO22+AR22-AS22 -> 104.00331 | AU22: 0 | AV22: 0 | AW22: 0 | AX22: 0 | AY22: 0 | AZ22: =AX22-AY22 -> 0 | BA22: =H22 -> 17.333307 | BB22: =SUMIF('July 2027'!$B:$B,'PTO SUMMARY 2027'!AK22,'July 2027'!$AK:$AK) -> 0 | BC22: =AT22+BA22-BB22 -> 121.33661 | BD22: 0 | BE22: 0 | BF22: =H22 -> 17.333307 | BG22: =SUMIF('August 2027'!$B:$B,'PTO SUMMARY 2027'!AP22,'August 2027'!$AK:$AK) -> 0 | BH22: =BC22+BF22-BG22 -> 138.66992 | BI22: 0 | BJ22: 0 | BK22: =H22 -> 17.333307 | BL22: =SUMIF('September 2027'!$B:$B,'PTO SUMMARY 2027'!AU22,'September 2027'!$AK:$AK) -> 0 | BM22: =BH22+BK22-BL22 -> 156.00323 | BN22: 0 | BO22: 0 | BP22: 0 | BQ22: 0 | BR22: 0 | BS22: =BQ22-BR22 -> 0 | BT22: =H22 -> 17.333307 | BU22: =SUMIF('October 2027'!$B:$B,'PTO SUMMARY 2027'!BH22,'October 2027'!$AK:$AK) -> 0 | BV22: =BM22+BT22-BU22 -> 173.33653 | BW22: 0 | BX22: 0 | BY22: =H22 -> 17.333307 | BZ22: =SUMIF('November 2027'!$B:$B,'PTO SUMMARY 2027'!BM22,'November 2027'!$AK:$AK) -> 0 | CA22: =BV22+BY22-BZ22 -> 190.66984 | CB22: 0 | CC22: 0 | CD22: =H22 -> 17.333307 | CE22: =SUMIF('December 2027'!$B:$B,'PTO SUMMARY 2027'!$B:$B,'December 2027'!$AK:$AK) -> 0 | CF22: =CA22+CD22-CE22 -> 208.00315 | CG22: 0 | CH22: 0 | CI22: 0 | CJ22: 0 | CK22: 0 | CL22: 0 | CM22: 0 | CN22: =CK22+CL22-CM22 -> 0
A23: Coiner, Bobbie | B23: A241 | C23: APC | E23: SMA | F23: BH | G23: 1 | H23: =((G23*86.67)*2)*(SUMIF('Accrual Rates'!B:B,'PTO SUMMARY 2027'!B23,'Accrual Rates'!G:G)) -> 17.333307 | I23: 0 | J23: 0 | K23: 0 | L23: 0 | M23: 0 | N23: =H23 -> 17.333307 | O23: =SUMIF('January 2027'!$B:$B,'PTO SUMMARY 2027'!B23,'January 2027'!$AK:$AK) -> 0 | P23: =L23+M23+N23-O23 -> 17.333307 | Q23: 0 | R23: 0 | S23: =H23 -> 17.333307 | T23: =SUMIF('February 2027'!$B:$B,'PTO SUMMARY 2027'!G23,'February 2027'!$AK:$AK) -> 0 | U23: 0 | V23: =P23+S23-T23 -> 34.666613 | W23: 0 | X23: 0 | Y23: =H23 -> 17.333307 | Z23: =SUMIF('March 2027'!$B:$B,'PTO SUMMARY 2027'!M23,'March 2027'!$AK:$AK) -> 0 | AA23: =V23+Y23-Z23 -> 51.99992 | AB23: 0 | AC23: 0 | AD23: 0 | AE23: =K23-AD23 -> 0 | AF23: 0 | AG23: =AE23-AF23 -> 0 | AH23: =H23 -> 17.333307 | AI23: =SUMIF('April 2027'!$B:$B,'PTO SUMMARY 2027'!V23,'April 2027'!$AK:$AK) -> 0 | AJ23: =AA23+AH23-AI23 -> 69.333227 | AK23: 0 | AL23: 0 | AM23: =H23 -> 17.333307 | AN23: =SUMIF('May 2027'!$B:$B,'PTO SUMMARY 2027'!AA23,'May 2027'!$AK:$AK) -> 0 | AO23: =ROUND((AJ23+AM23-AN23),2) -> 86.67 | AP23: 0 | AQ23: 0 | AR23: =H23 -> 17.333307 | AS23: =SUMIF('June 2027'!$B:$B,'PTO SUMMARY 2027'!AF23,'June 2027'!$AK:$AK) -> 0 | AT23: =AO23+AR23-AS23 -> 104.00331 | AU23: 0 | AV23: 0 | AW23: 0 | AX23: 0 | AY23: 0 | AZ23: =AX23-AY23 -> 0 | BA23: =H23 -> 17.333307 | BB23: =SUMIF('July 2027'!$B:$B,'PTO SUMMARY 2027'!AK23,'July 2027'!$AK:$AK) -> 0 | BC23: =AT23+BA23-BB23 -> 121.33661 | BD23: 0 | BE23: 0 | BF23: =H23 -> 17.333307 | BG23: =SUMIF('August 2027'!$B:$B,'PTO SUMMARY 2027'!AP23,'August 2027'!$AK:$AK) -> 0 | BH23: =BC23+BF23-BG23 -> 138.66992 | BI23: 0 | BJ23: 0 | BK23: =H23 -> 17.333307 | BL23: =SUMIF('September 2027'!$B:$B,'PTO SUMMARY 2027'!AU23,'September 2027'!$AK:$AK) -> 0 | BM23: =BH23+BK23-BL23 -> 156.00323 | BN23: 0 | BO23: 0 | BP23: 0 | BQ23: 0 | BR23: 0 | BS23: =BQ23-BR23 -> 0 | BT23: =H23 -> 17.333307 | BU23: =SUMIF('October 2027'!$B:$B,'PTO SUMMARY 2027'!BH23,'October 2027'!$AK:$AK) -> 0 | BV23: =BM23+BT23-BU23 -> 173.33653 | BW23: 0 | BX23: 0 | BY23: =H23 -> 17.333307 | BZ23: =SUMIF('November 2027'!$B:$B,'PTO SUMMARY 2027'!BM23,'November 2027'!$AK:$AK) -> 0 | CA23: =BV23+BY23-BZ23 -> 190.66984 | CB23: 0 | CC23: 0 | CD23: =H23 -> 17.333307 | CE23: =SUMIF('December 2027'!$B:$B,'PTO SUMMARY 2027'!$B:$B,'December 2027'!$AK:$AK) -> 0 | CF23: =CA23+CD23-CE23 -> 208.00315 | CG23: 0 | CH23: 0 | CI23: 0 | CJ23: 0 | CK23: 0 | CL23: 0 | CM23: 0 | CN23: =CK23+CL23-CM23 -> 0
A24: Cook, Jonathan | B24: A24Q | C24: MD | D24: Y | E24: OWM | F24: BR | G24: 1 | H24: 0 | I24: 0 | J24: 0 | K24: 0 | L24: 0 | M24: 0 | N24: =H24 -> 0 | O24: =SUMIF('January 2027'!$B:$B,'PTO SUMMARY 2027'!B24,'January 2027'!$AK:$AK) -> 0 | P24: =L24+M24+N24-O24 -> 0 | Q24: 0 | R24: 0 | S24: =H24 -> 0 | T24: =SUMIF('February 2027'!$B:$B,'PTO SUMMARY 2027'!G24,'February 2027'!$AK:$AK) -> 0 | U24: 0 | V24: =P24+S24-T24 -> 0 | W24: 0 | X24: 0 | Y24: =H24 -> 0 | Z24: =SUMIF('March 2027'!$B:$B,'PTO SUMMARY 2027'!M24,'March 2027'!$AK:$AK) -> 0 | AA24: =V24+Y24-Z24 -> 0 | AB24: 0 | AC24: 0 | AD24: 0 | AE24: =K24-AD24 -> 0 | AF24: 0 | AG24: =AE24-AF24 -> 0 | AH24: =H24 -> 0 | AI24: =SUMIF('April 2027'!$B:$B,'PTO SUMMARY 2027'!V24,'April 2027'!$AK:$AK) -> 0 | AJ24: =AA24+AH24-AI24 -> 0 | AK24: 0 | AL24: 0 | AM24: =H24 -> 0 | AN24: =SUMIF('May 2027'!$B:$B,'PTO SUMMARY 2027'!AA24,'May 2027'!$AK:$AK) -> 0 | AO24: =ROUND((AJ24+AM24-AN24),2) -> 0 | AP24: 0 | AQ24: 0 | AR24: =H24 -> 0 | AS24: =SUMIF('June 2027'!$B:$B,'PTO SUMMARY 2027'!AF24,'June 2027'!$AK:$AK) -> 0 | AT24: =AO24+AR24-AS24 -> 0 | AU24: 0 | AV24: 0 | AW24: 0 | AX24: 0 | AY24: 0 | AZ24: =AX24-AY24 -> 0 | BA24: =H24 -> 0 | BB24: =SUMIF('July 2027'!$B:$B,'PTO SUMMARY 2027'!AK24,'July 2027'!$AK:$AK) -> 0 | BC24: =AT24+BA24-BB24 -> 0 | BD24: 0 | BE24: 0 | BF24: =H24 -> 0 | BG24: =SUMIF('August 2027'!$B:$B,'PTO SUMMARY 2027'!AP24,'August 2027'!$AK:$AK) -> 0 | BH24: =BC24+BF24-BG24 -> 0 | BI24: 0 | BJ24: 0 | BK24: =H24 -> 0 | BL24: =SUMIF('September 2027'!$B:$B,'PTO SUMMARY 2027'!AU24,'September 2027'!$AK:$AK) -> 0 | BM24: =BH24+BK24-BL24 -> 0 | BN24: 0 | BO24: 0 | BP24: 0 | BQ24: 0 | BR24: 0 | BS24: =BQ24-BR24 -> 0 | BT24: =H24 -> 0 | BU24: =SUMIF('October 2027'!$B:$B,'PTO SUMMARY 2027'!BH24,'October 2027'!$AK:$AK) -> 0 | BV24: =BM24+BT24-BU24 -> 0 | BW24: 0 | BX24: 0 | BY24: =H24 -> 0 | BZ24: =SUMIF('November 2027'!$B:$B,'PTO SUMMARY 2027'!BM24,'November 2027'!$AK:$AK) -> 0 | CA24: =BV24+BY24-BZ24 -> 0 | CB24: 0 | CC24: 0 | CD24: =H24 -> 0 | CE24: =SUMIF('December 2027'!$B:$B,'PTO SUMMARY 2027'!$B:$B,'December 2027'!$AK:$AK) -> 0 | CF24: =CA24+CD24-CE24 -> 0 | CG24: 0 | CH24: 0 | CI24: 0 | CJ24: 0 | CK24: 0 | CL24: 0 | CM24: 0 | CN24: =CK24+CL24-CM24 -> 0
A25: Craig, Haley | B25: A3ND | C25: MD | E25: SAM | F25: OCMD | G25: 1 | H25: =((G25*86.67)*2)*(SUMIF('Accrual Rates'!B:B,'PTO SUMMARY 2027'!B25,'Accrual Rates'!G:G)) -> 15.999975 | I25: 0 | J25: 0 | K25: 0 | L25: 0 | M25: 0 | N25: =H25 -> 15.999975 | O25: =SUMIF('January 2027'!$B:$B,'PTO SUMMARY 2027'!B25,'January 2027'!$AK:$AK) -> 0 | P25: =L25+M25+N25-O25 -> 15.999975 | Q25: 0 | R25: 0 | S25: =H25 -> 15.999975 | T25: =SUMIF('February 2027'!$B:$B,'PTO SUMMARY 2027'!G25,'February 2027'!$AK:$AK) -> 0 | U25: 0 | V25: =P25+S25-T25 -> 31.999951 | W25: 0 | X25: 0 | Y25: =H25 -> 15.999975 | Z25: =SUMIF('March 2027'!$B:$B,'PTO SUMMARY 2027'!M25,'March 2027'!$AK:$AK) -> 0 | AA25: =V25+Y25-Z25 -> 47.999926 | AB25: 0 | AC25: 0 | AD25: 0 | AE25: =K25-AD25 -> 0 | AF25: 0 | AG25: =AE25-AF25 -> 0 | AH25: =H25 -> 15.999975 | AI25: =SUMIF('April 2027'!$B:$B,'PTO SUMMARY 2027'!V25,'April 2027'!$AK:$AK) -> 0 | AJ25: =AA25+AH25-AI25 -> 63.999901 | AK25: 0 | AL25: 0 | AM25: =H25 -> 15.999975 | AN25: =SUMIF('May 2027'!$B:$B,'PTO SUMMARY 2027'!AA25,'May 2027'!$AK:$AK) -> 0 | AO25: =ROUND((AJ25+AM25-AN25),2) -> 80 | AP25: 0 | AQ25: 0 | AR25: =H25 -> 15.999975 | AS25: =SUMIF('June 2027'!$B:$B,'PTO SUMMARY 2027'!AF25,'June 2027'!$AK:$AK) -> 0 | AT25: =AO25+AR25-AS25 -> 95.999975 | AU25: 0 | AV25: 0 | AW25: 0 | AX25: 0 | AY25: 0 | AZ25: =AX25-AY25 -> 0 | BA25: =H25 -> 15.999975 | BB25: =SUMIF('July 2027'!$B:$B,'PTO SUMMARY 2027'!AK25,'July 2027'!$AK:$AK) -> 0 | BC25: =AT25+BA25-BB25 -> 111.99995 | BD25: 0 | BE25: 0 | BF25: =H25 -> 15.999975 | BG25: =SUMIF('August 2027'!$B:$B,'PTO SUMMARY 2027'!AP25,'August 2027'!$AK:$AK) -> 0 | BH25: =BC25+BF25-BG25 -> 127.99993 | BI25: 0 | BJ25: 0 | BK25: =H25 -> 15.999975 | BL25: =SUMIF('September 2027'!$B:$B,'PTO SUMMARY 2027'!AU25,'September 2027'!$AK:$AK) -> 0 | BM25: =BH25+BK25-BL25 -> 143.9999 | BN25: 0 | BO25: 0 | BP25: 0 | BQ25: 0 | BR25: 0 | BS25: =BQ25-BR25 -> 0 | BT25: =H25 -> 15.999975 | BU25: =SUMIF('October 2027'!$B:$B,'PTO SUMMARY 2027'!BH25,'October 2027'!$AK:$AK) -> 0 | BV25: =BM25+BT25-BU25 -> 159.99988 | BW25: 0 | BX25: 0 | BY25: =H25 -> 15.999975 | BZ25: =SUMIF('November 2027'!$B:$B,'PTO SUMMARY 2027'!BM25,'November 2027'!$AK:$AK) -> 0 | CA25: =BV25+BY25-BZ25 -> 175.99985 | CB25: 0 | CC25: 0 | CD25: =H25 -> 15.999975 | CE25: =SUMIF('December 2027'!$B:$B,'PTO SUMMARY 2027'!$B:$B,'December 2027'!$AK:$AK) -> 0 | CF25: =CA25+CD25-CE25 -> 191.99983 | CG25: 0 | CH25: 0 | CI25: 0 | CJ25: 0 | CK25: 0 | CL25: 0 | CM25: 0 | CN25: =CK25+CL25-CM25 -> 0
A26: Diepenhorst, Lisa | B26: A274 | C26: MD | D26: Y | E26: OWM | F26: BR | G26: 1 | H26: 0 | I26: 0 | J26: 0 | K26: 0 | L26: 0 | M26: 0 | N26: =H26 -> 0 | O26: =SUMIF('January 2027'!$B:$B,'PTO SUMMARY 2027'!B26,'January 2027'!$AK:$AK) -> 0 | P26: =L26+M26+N26-O26 -> 0 | Q26: 0 | R26: 0 | S26: =H26 -> 0 | T26: =SUMIF('February 2027'!$B:$B,'PTO SUMMARY 2027'!G26,'February 2027'!$AK:$AK) -> 0 | U26: 0 | V26: =P26+S26-T26 -> 0 | W26: 0 | X26: 0 | Y26: =H26 -> 0 | Z26: =SUMIF('March 2027'!$B:$B,'PTO SUMMARY 2027'!M26,'March 2027'!$AK:$AK) -> 0 | AA26: =V26+Y26-Z26 -> 0 | AB26: 0 | AC26: 0 | AD26: 0 | AE26: =K26-AD26 -> 0 | AF26: 0 | AG26: =AE26-AF26 -> 0 | AH26: =H26 -> 0 | AI26: =SUMIF('April 2027'!$B:$B,'PTO SUMMARY 2027'!V26,'April 2027'!$AK:$AK) -> 0 | AJ26: =AA26+AH26-AI26 -> 0 | AK26: 0 | AL26: 0 | AM26: =H26 -> 0 | AN26: =SUMIF('May 2027'!$B:$B,'PTO SUMMARY 2027'!AA26,'May 2027'!$AK:$AK) -> 0 | AO26: =ROUND((AJ26+AM26-AN26),2) -> 0 | AP26: 0 | AQ26: 0 | AR26: =H26 -> 0 | AS26: =SUMIF('June 2027'!$B:$B,'PTO SUMMARY 2027'!AF26,'June 2027'!$AK:$AK) -> 0 | AT26: =AO26+AR26-AS26 -> 0 | AU26: 0 | AV26: 0 | AW26: 0 | AX26: 0 | AY26: 0 | AZ26: =AX26-AY26 -> 0 | BA26: =H26 -> 0 | BB26: =SUMIF('July 2027'!$B:$B,'PTO SUMMARY 2027'!AK26,'July 2027'!$AK:$AK) -> 0 | BC26: =AT26+BA26-BB26 -> 0 | BD26: 0 | BE26: 0 | BF26: =H26 -> 0 | BG26: =SUMIF('August 2027'!$B:$B,'PTO SUMMARY 2027'!AP26,'August 2027'!$AK:$AK) -> 0 | BH26: =BC26+BF26-BG26 -> 0 | BI26: 0 | BJ26: 0 | BK26: =H26 -> 0 | BL26: =SUMIF('September 2027'!$B:$B,'PTO SUMMARY 2027'!AU26,'September 2027'!$AK:$AK) -> 0 | BM26: =BH26+BK26-BL26 -> 0 | BN26: 0 | BO26: 0 | BP26: 0 | BQ26: 0 | BR26: 0 | BS26: =BQ26-BR26 -> 0 | BT26: =H26 -> 0 | BU26: =SUMIF('October 2027'!$B:$B,'PTO SUMMARY 2027'!BH26,'October 2027'!$AK:$AK) -> 0 | BV26: =BM26+BT26-BU26 -> 0 | BW26: 0 | BX26: 0 | BY26: =H26 -> 0 | BZ26: =SUMIF('November 2027'!$B:$B,'PTO SUMMARY 2027'!BM26,'November 2027'!$AK:$AK) -> 0 | CA26: =BV26+BY26-BZ26 -> 0 | CB26: 0 | CC26: 0 | CD26: =H26 -> 0 | CE26: =SUMIF('December 2027'!$B:$B,'PTO SUMMARY 2027'!$B:$B,'December 2027'!$AK:$AK) -> 0 | CF26: =CA26+CD26-CE26 -> 0 | CG26: 0 | CH26: 0 | CI26: 0 | CJ26: 0 | CK26: 0 | CL26: 0 | CM26: 0 | CN26: =CK26+CL26-CM26 -> 0
A27: DiPietro, Katie | B27: A277 | C27: APC | E27: SMA | F27: TN | G27: 1 | H27: =((G27*86.67)*2)*(SUMIF('Accrual Rates'!B:B,'PTO SUMMARY 2027'!B27,'Accrual Rates'!G:G)) -> 13.333313 | I27: 0 | J27: 0 | K27: 0 | L27: 0 | M27: 0 | N27: =H27 -> 13.333313 | O27: =SUMIF('January 2027'!$B:$B,'PTO SUMMARY 2027'!B27,'January 2027'!$AK:$AK) -> 2 | P27: =L27+M27+N27-O27 -> 11.333313 | Q27: 0 | R27: 0 | S27: =H27 -> 13.333313 | T27: =SUMIF('February 2027'!$B:$B,'PTO SUMMARY 2027'!G27,'February 2027'!$AK:$AK) -> 0 | U27: 0 | V27: =P27+S27-T27 -> 24.666626 | W27: 0 | X27: 0 | Y27: =H27 -> 13.333313 | Z27: =SUMIF('March 2027'!$B:$B,'PTO SUMMARY 2027'!M27,'March 2027'!$AK:$AK) -> 0 | AA27: =V27+Y27-Z27 -> 37.999938 | AB27: 0 | AC27: 0 | AD27: 0 | AE27: =K27-AD27 -> 0 | AF27: 0 | AG27: =AE27-AF27 -> 0 | AH27: =H27 -> 13.333313 | AI27: =SUMIF('April 2027'!$B:$B,'PTO SUMMARY 2027'!V27,'April 2027'!$AK:$AK) -> 0 | AJ27: =AA27+AH27-AI27 -> 51.333251 | AK27: 0 | AL27: 0 | AM27: =H27 -> 13.333313 | AN27: =SUMIF('May 2027'!$B:$B,'PTO SUMMARY 2027'!AA27,'May 2027'!$AK:$AK) -> 0 | AO27: =ROUND((AJ27+AM27-AN27),2) -> 64.67 | AP27: 0 | AQ27: 0 | AR27: =H27 -> 13.333313 | AS27: =SUMIF('June 2027'!$B:$B,'PTO SUMMARY 2027'!AF27,'June 2027'!$AK:$AK) -> 0 | AT27: =AO27+AR27-AS27 -> 78.003313 | AU27: 0 | AV27: 0 | AW27: 0 | AX27: 0 | AY27: 0 | AZ27: =AX27-AY27 -> 0 | BA27: =H27 -> 13.333313 | BB27: =SUMIF('July 2027'!$B:$B,'PTO SUMMARY 2027'!AK27,'July 2027'!$AK:$AK) -> 0 | BC27: =AT27+BA27-BB27 -> 91.336626 | BD27: 0 | BE27: 0 | BF27: =H27 -> 13.333313 | BG27: =SUMIF('August 2027'!$B:$B,'PTO SUMMARY 2027'!AP27,'August 2027'!$AK:$AK) -> 0 | BH27: =BC27+BF27-BG27 -> 104.66994 | BI27: 0 | BJ27: 0 | BK27: =H27 -> 13.333313 | BL27: =SUMIF('September 2027'!$B:$B,'PTO SUMMARY 2027'!AU27,'September 2027'!$AK:$AK) -> 0 | BM27: =BH27+BK27-BL27 -> 118.00325 | BN27: 0 | BO27: 0 | BP27: 0 | BQ27: 0 | BR27: 0 | BS27: =BQ27-BR27 -> 0 | BT27: =H27 -> 13.333313 | BU27: =SUMIF('October 2027'!$B:$B,'PTO SUMMARY 2027'!BH27,'October 2027'!$AK:$AK) -> 0 | BV27: =BM27+BT27-BU27 -> 131.33656 | BW27: 0 | BX27: 0 | BY27: =H27 -> 13.333313 | BZ27: =SUMIF('November 2027'!$B:$B,'PTO SUMMARY 2027'!BM27,'November 2027'!$AK:$AK) -> 0 | CA27: =BV27+BY27-BZ27 -> 144.66988 | CB27: 0 | CC27: 0 | CD27: =H27 -> 13.333313 | CE27: =SUMIF('December 2027'!$B:$B,'PTO SUMMARY 2027'!$B:$B,'December 2027'!$AK:$AK) -> 0 | CF27: =CA27+CD27-CE27 -> 158.00319 | CG27: 0 | CH27: 0 | CI27: 0 | CJ27: 0 | CK27: 0 | CL27: 0 | CM27: 0 | CN27: =CK27+CL27-CM27 -> 0
A28: Elliottgreen, Kendra | B28: A28K | C28: APC | E28: SMA | F28: PKmid | G28: 0.8 | H28: =((G28*86.67)*2)*(SUMIF('Accrual Rates'!B:B,'PTO SUMMARY 2027'!B28,'Accrual Rates'!G:G)) -> 10.66665 | I28: 0 | J28: 0 | K28: 0 | L28: 0 | M28: 0 | N28: =H28 -> 10.66665 | O28: =SUMIF('January 2027'!$B:$B,'PTO SUMMARY 2027'!B28,'January 2027'!$AK:$AK) -> 40 | P28: =L28+M28+N28-O28 -> -29.33335 | Q28: 0 | R28: 0 | S28: =H28 -> 10.66665 | T28: =SUMIF('February 2027'!$B:$B,'PTO SUMMARY 2027'!G28,'February 2027'!$AK:$AK) -> 0 | U28: 0 | V28: =P28+S28-T28 -> -18.6667 | W28: 0 | X28: 0 | Y28: =H28 -> 10.66665 | Z28: =SUMIF('March 2027'!$B:$B,'PTO SUMMARY 2027'!M28,'March 2027'!$AK:$AK) -> 0 | AA28: =V28+Y28-Z28 -> -8.0000493 | AB28: 0 | AC28: 0 | AD28: 0 | AE28: =K28-AD28 -> 0 | AF28: 0 | AG28: =AE28-AF28 -> 0 | AH28: =H28 -> 10.66665 | AI28: =SUMIF('April 2027'!$B:$B,'PTO SUMMARY 2027'!V28,'April 2027'!$AK:$AK) -> 0 | AJ28: =AA28+AH28-AI28 -> 2.666601 | AK28: 0 | AL28: 0 | AM28: =H28 -> 10.66665 | AN28: =SUMIF('May 2027'!$B:$B,'PTO SUMMARY 2027'!AA28,'May 2027'!$AK:$AK) -> 0 | AO28: =ROUND((AJ28+AM28-AN28),2) -> 13.33 | AP28: 0 | AQ28: 0 | AR28: =H28 -> 10.66665 | AS28: =SUMIF('June 2027'!$B:$B,'PTO SUMMARY 2027'!AF28,'June 2027'!$AK:$AK) -> 0 | AT28: =AO28+AR28-AS28 -> 23.99665 | AU28: 0 | AV28: 0 | AW28: 0 | AX28: 0 | AY28: 0 | AZ28: =AX28-AY28 -> 0 | BA28: =H28 -> 10.66665 | BB28: =SUMIF('July 2027'!$B:$B,'PTO SUMMARY 2027'!AK28,'July 2027'!$AK:$AK) -> 0 | BC28: =AT28+BA28-BB28 -> 34.6633 | BD28: 0 | BE28: 0 | BF28: =H28 -> 10.66665 | BG28: =SUMIF('August 2027'!$B:$B,'PTO SUMMARY 2027'!AP28,'August 2027'!$AK:$AK) -> 0 | BH28: =BC28+BF28-BG28 -> 45.329951 | BI28: 0 | BJ28: 0 | BK28: =H28 -> 10.66665 | BL28: =SUMIF('September 2027'!$B:$B,'PTO SUMMARY 2027'!AU28,'September 2027'!$AK:$AK) -> 0 | BM28: =BH28+BK28-BL28 -> 55.996601 | BN28: 0 | BO28: 0 | BP28: 0 | BQ28: 0 | BR28: 0 | BS28: =BQ28-BR28 -> 0 | BT28: =H28 -> 10.66665 | BU28: =SUMIF('October 2027'!$B:$B,'PTO SUMMARY 2027'!BH28,'October 2027'!$AK:$AK) -> 0 | BV28: =BM28+BT28-BU28 -> 66.663251 | BW28: 0 | BX28: 0 | BY28: =H28 -> 10.66665 | BZ28: =SUMIF('November 2027'!$B:$B,'PTO SUMMARY 2027'!BM28,'November 2027'!$AK:$AK) -> 0 | CA28: =BV28+BY28-BZ28 -> 77.329901 | CB28: 0 | CC28: 0 | CD28: =H28 -> 10.66665 | CE28: =SUMIF('December 2027'!$B:$B,'PTO SUMMARY 2027'!$B:$B,'December 2027'!$AK:$AK) -> 0 | CF28: =CA28+CD28-CE28 -> 87.996552 | CG28: 0 | CH28: 0 | CI28: 0 | CJ28: 0 | CK28: 0 | CL28: 0 | CM28: 0 | CN28: =CK28+CL28-CM28 -> 0
A29: Eppard, Greggory | B29: A28Z | C29: MD | D29: Y | E29: OWM | F29: NB | G29: 1 | H29: 0 | I29: 0 | J29: 0 | K29: 0 | L29: 0 | M29: 0 | N29: =H29 -> 0 | O29: =SUMIF('January 2027'!$B:$B,'PTO SUMMARY 2027'!B29,'January 2027'!$AK:$AK) -> 0 | P29: =L29+M29+N29-O29 -> 0 | Q29: 0 | R29: 0 | S29: =H29 -> 0 | T29: =SUMIF('February 2027'!$B:$B,'PTO SUMMARY 2027'!G29,'February 2027'!$AK:$AK) -> 0 | U29: 0 | V29: =P29+S29-T29 -> 0 | W29: 0 | X29: 0 | Y29: =H29 -> 0 | Z29: =SUMIF('March 2027'!$B:$B,'PTO SUMMARY 2027'!M29,'March 2027'!$AK:$AK) -> 0 | AA29: =V29+Y29-Z29 -> 0 | AB29: 0 | AC29: 0 | AD29: 0 | AE29: =K29-AD29 -> 0 | AF29: 0 | AG29: =AE29-AF29 -> 0 | AH29: =H29 -> 0 | AI29: =SUMIF('April 2027'!$B:$B,'PTO SUMMARY 2027'!V29,'April 2027'!$AK:$AK) -> 0 | AJ29: =AA29+AH29-AI29 -> 0 | AK29: 0 | AL29: 0 | AM29: =H29 -> 0 | AN29: =SUMIF('May 2027'!$B:$B,'PTO SUMMARY 2027'!AA29,'May 2027'!$AK:$AK) -> 0 | AO29: =ROUND((AJ29+AM29-AN29),2) -> 0 | AP29: 0 | AQ29: 0 | AR29: =H29 -> 0 | AS29: =SUMIF('June 2027'!$B:$B,'PTO SUMMARY 2027'!AF29,'June 2027'!$AK:$AK) -> 0 | AT29: =AO29+AR29-AS29 -> 0 | AU29: 0 | AV29: 0 | AW29: 0 | AX29: 0 | AY29: 0 | AZ29: =AX29-AY29 -> 0 | BA29: =H29 -> 0 | BB29: =SUMIF('July 2027'!$B:$B,'PTO SUMMARY 2027'!AK29,'July 2027'!$AK:$AK) -> 0 | BC29: =AT29+BA29-BB29 -> 0 | BD29: 0 | BE29: 0 | BF29: =H29 -> 0 | BG29: =SUMIF('August 2027'!$B:$B,'PTO SUMMARY 2027'!AP29,'August 2027'!$AK:$AK) -> 0 | BH29: =BC29+BF29-BG29 -> 0 | BI29: 0 | BJ29: 0 | BK29: =H29 -> 0 | BL29: =SUMIF('September 2027'!$B:$B,'PTO SUMMARY 2027'!AU29,'September 2027'!$AK:$AK) -> 0 | BM29: =BH29+BK29-BL29 -> 0 | BN29: 0 | BO29: 0 | BP29: 0 | BQ29: 0 | BR29: 0 | BS29: =BQ29-BR29 -> 0 | BT29: =H29 -> 0 | BU29: =SUMIF('October 2027'!$B:$B,'PTO SUMMARY 2027'!BH29,'October 2027'!$AK:$AK) -> 0 | BV29: =BM29+BT29-BU29 -> 0 | BW29: 0 | BX29: 0 | BY29: =H29 -> 0 | BZ29: =SUMIF('November 2027'!$B:$B,'PTO SUMMARY 2027'!BM29,'November 2027'!$AK:$AK) -> 0 | CA29: =BV29+BY29-BZ29 -> 0 | CB29: 0 | CC29: 0 | CD29: =H29 -> 0 | CE29: =SUMIF('December 2027'!$B:$B,'PTO SUMMARY 2027'!$B:$B,'December 2027'!$AK:$AK) -> 0 | CF29: =CA29+CD29-CE29 -> 0 | CG29: 0 | CH29: 0 | CI29: 0 | CJ29: 0 | CK29: 0 | CL29: 0 | CM29: 0 | CN29: =CK29+CL29-CM29 -> 0
A30: Farkouh, Lisa | B30: A29N | C30: MD | D30: Y | E30: MFM | F30: NWP | G30: 0.75 | H30: 0 | I30: 0 | J30: 0 | K30: 0 | L30: 0 | M30: 0 | N30: =H30 -> 0 | O30: =SUMIF('January 2027'!$B:$B,'PTO SUMMARY 2027'!B30,'January 2027'!$AK:$AK) -> 0 | P30: =L30+M30+N30-O30 -> 0 | Q30: 0 | R30: 0 | S30: =H30 -> 0 | T30: =SUMIF('February 2027'!$B:$B,'PTO SUMMARY 2027'!G30,'February 2027'!$AK:$AK) -> 0 | U30: 0 | V30: =P30+S30-T30 -> 0 | W30: 0 | X30: 0 | Y30: =H30 -> 0 | Z30: =SUMIF('March 2027'!$B:$B,'PTO SUMMARY 2027'!M30,'March 2027'!$AK:$AK) -> 0 | AA30: =V30+Y30-Z30 -> 0 | AB30: 0 | AC30: 0 | AD30: 0 | AE30: =K30-AD30 -> 0 | AF30: 0 | AG30: =AE30-AF30 -> 0 | AH30: =H30 -> 0 | AI30: =SUMIF('April 2027'!$B:$B,'PTO SUMMARY 2027'!V30,'April 2027'!$AK:$AK) -> 0 | AJ30: =AA30+AH30-AI30 -> 0 | AK30: 0 | AL30: 0 | AM30: =H30 -> 0 | AN30: =SUMIF('May 2027'!$B:$B,'PTO SUMMARY 2027'!AA30,'May 2027'!$AK:$AK) -> 0 | AO30: =ROUND((AJ30+AM30-AN30),2) -> 0 | AP30: 0 | AQ30: 0 | AR30: =H30 -> 0 | AS30: =SUMIF('June 2027'!$B:$B,'PTO SUMMARY 2027'!AF30,'June 2027'!$AK:$AK) -> 0 | AT30: =AO30+AR30-AS30 -> 0 | AU30: 0 | AV30: 0 | AW30: 0 | AX30: 0 | AY30: 0 | AZ30: =AX30-AY30 -> 0 | BA30: =H30 -> 0 | BB30: =SUMIF('July 2027'!$B:$B,'PTO SUMMARY 2027'!AK30,'July 2027'!$AK:$AK) -> 0 | BC30: =AT30+BA30-BB30 -> 0 | BD30: 0 | BE30: 0 | BF30: =H30 -> 0 | BG30: =SUMIF('August 2027'!$B:$B,'PTO SUMMARY 2027'!AP30,'August 2027'!$AK:$AK) -> 0 | BH30: =BC30+BF30-BG30 -> 0 | BI30: 0 | BJ30: 0 | BK30: =H30 -> 0 | BL30: =SUMIF('September 2027'!$B:$B,'PTO SUMMARY 2027'!AU30,'September 2027'!$AK:$AK) -> 0 | BM30: =BH30+BK30-BL30 -> 0 | BN30: 0 | BO30: 0 | BP30: 0 | BQ30: 0 | BR30: 0 | BS30: =BQ30-BR30 -> 0 | BT30: =H30 -> 0 | BU30: =SUMIF('October 2027'!$B:$B,'PTO SUMMARY 2027'!BH30,'October 2027'!$AK:$AK) -> 0 | BV30: =BM30+BT30-BU30 -> 0 | BW30: 0 | BX30: 0 | BY30: =H30 -> 0 | BZ30: =SUMIF('November 2027'!$B:$B,'PTO SUMMARY 2027'!BM30,'November 2027'!$AK:$AK) -> 0 | CA30: =BV30+BY30-BZ30 -> 0 | CB30: 0 | CC30: 0 | CD30: =H30 -> 0 | CE30: =SUMIF('December 2027'!$B:$B,'PTO SUMMARY 2027'!$B:$B,'December 2027'!$AK:$AK) -> 0 | CF30: =CA30+CD30-CE30 -> 0 | CG30: 0 | CH30: 0 | CI30: 0 | CJ30: 0 | CK30: 0 | CL30: 0 | CM30: 0 | CN30: =CK30+CL30-CM30 -> 0
A31: Fausel, Sarah | B31: A29U | C31: MD | E31: SAM | F31: PKMD | G31: 1 | H31: =((G31*86.67)*2)*(SUMIF('Accrual Rates'!B:B,'PTO SUMMARY 2027'!B31,'Accrual Rates'!G:G)) -> 15.999975 | I31: 0 | J31: 0 | K31: 0 | L31: 0 | M31: 0 | N31: =H31 -> 15.999975 | O31: =SUMIF('January 2027'!$B:$B,'PTO SUMMARY 2027'!B31,'January 2027'!$AK:$AK) -> 0 | P31: =L31+M31+N31-O31 -> 15.999975 | Q31: 0 | R31: 0 | S31: =H31 -> 15.999975 | T31: =SUMIF('February 2027'!$B:$B,'PTO SUMMARY 2027'!G31,'February 2027'!$AK:$AK) -> 0 | U31: 0 | V31: =P31+S31-T31 -> 31.999951 | W31: 0 | X31: 0 | Y31: =H31 -> 15.999975 | Z31: =SUMIF('March 2027'!$B:$B,'PTO SUMMARY 2027'!M31,'March 2027'!$AK:$AK) -> 0 | AA31: =V31+Y31-Z31 -> 47.999926 | AB31: 0 | AC31: 0 | AD31: 0 | AE31: =K31-AD31 -> 0 | AF31: 0 | AG31: =AE31-AF31 -> 0 | AH31: =H31 -> 15.999975 | AI31: =SUMIF('April 2027'!$B:$B,'PTO SUMMARY 2027'!V31,'April 2027'!$AK:$AK) -> 0 | AJ31: =AA31+AH31-AI31 -> 63.999901 | AK31: 0 | AL31: 0 | AM31: =H31 -> 15.999975 | AN31: =SUMIF('May 2027'!$B:$B,'PTO SUMMARY 2027'!AA31,'May 2027'!$AK:$AK) -> 0 | AO31: =ROUND((AJ31+AM31-AN31),2) -> 80 | AP31: 0 | AQ31: 0 | AR31: =H31 -> 15.999975 | AS31: =SUMIF('June 2027'!$B:$B,'PTO SUMMARY 2027'!AF31,'June 2027'!$AK:$AK) -> 0 | AT31: =AO31+AR31-AS31 -> 95.999975 | AU31: 0 | AV31: 0 | AW31: 0 | AX31: 0 | AY31: 0 | AZ31: =AX31-AY31 -> 0 | BA31: =H31 -> 15.999975 | BB31: =SUMIF('July 2027'!$B:$B,'PTO SUMMARY 2027'!AK31,'July 2027'!$AK:$AK) -> 0 | BC31: =AT31+BA31-BB31 -> 111.99995 | BD31: 0 | BE31: 0 | BF31: =H31 -> 15.999975 | BG31: =SUMIF('August 2027'!$B:$B,'PTO SUMMARY 2027'!AP31,'August 2027'!$AK:$AK) -> 0 | BH31: =BC31+BF31-BG31 -> 127.99993 | BI31: 0 | BJ31: 0 | BK31: =H31 -> 15.999975 | BL31: =SUMIF('September 2027'!$B:$B,'PTO SUMMARY 2027'!AU31,'September 2027'!$AK:$AK) -> 0 | BM31: =BH31+BK31-BL31 -> 143.9999 | BN31: 0 | BO31: 0 | BP31: 0 | BQ31: 0 | BR31: 0 | BS31: =BQ31-BR31 -> 0 | BT31: =H31 -> 15.999975 | BU31: =SUMIF('October 2027'!$B:$B,'PTO SUMMARY 2027'!BH31,'October 2027'!$AK:$AK) -> 0 | BV31: =BM31+BT31-BU31 -> 159.99988 | BW31: 0 | BX31: 0 | BY31: =H31 -> 15.999975 | BZ31: =SUMIF('November 2027'!$B:$B,'PTO SUMMARY 2027'!BM31,'November 2027'!$AK:$AK) -> 0 | CA31: =BV31+BY31-BZ31 -> 175.99985 | CB31: 0 | CC31: 0 | CD31: =H31 -> 15.999975 | CE31: =SUMIF('December 2027'!$B:$B,'PTO SUMMARY 2027'!$B:$B,'December 2027'!$AK:$AK) -> 0 | CF31: =CA31+CD31-CE31 -> 191.99983 | CG31: 0 | CH31: 0 | CI31: 0 | CJ31: 0 | CK31: 0 | CL31: 0 | CM31: 0 | CN31: =CK31+CL31-CM31 -> 0
A32: Flores, Kendra | B32: A3PN | C32: APC | E32: SMA | F32: PKMD | G32: 0.75 | H32: =((G32*86.67)*2)*(SUMIF('Accrual Rates'!B:B,'PTO SUMMARY 2027'!B32,'Accrual Rates'!G:G)) -> 9.9999846 | I32: 0 | J32: 0 | K32: 0 | L32: 0 | M32: 0 | N32: =H32 -> 9.9999846 | O32: =SUMIF('January 2027'!$B:$B,'PTO SUMMARY 2027'!B32,'January 2027'!$AK:$AK) -> 0 | P32: =L32+M32+N32-O32 -> 9.9999846 | Q32: 0 | R32: 0 | S32: =H32 -> 9.9999846 | T32: =SUMIF('February 2027'!$B:$B,'PTO SUMMARY 2027'!G32,'February 2027'!$AK:$AK) -> 0 | U32: 0 | V32: =P32+S32-T32 -> 19.999969 | W32: 0 | X32: 0 | Y32: =H32 -> 9.9999846 | Z32: =SUMIF('March 2027'!$B:$B,'PTO SUMMARY 2027'!M32,'March 2027'!$AK:$AK) -> 0 | AA32: =V32+Y32-Z32 -> 29.999954 | AB32: 0 | AC32: 0 | AD32: 0 | AE32: =K32-AD32 -> 0 | AF32: 0 | AG32: =AE32-AF32 -> 0 | AH32: =H32 -> 9.9999846 | AI32: =SUMIF('April 2027'!$B:$B,'PTO SUMMARY 2027'!V32,'April 2027'!$AK:$AK) -> 0 | AJ32: =AA32+AH32-AI32 -> 39.999938 | AK32: 0 | AL32: 0 | AM32: =H32 -> 9.9999846 | AN32: =SUMIF('May 2027'!$B:$B,'PTO SUMMARY 2027'!AA32,'May 2027'!$AK:$AK) -> 0 | AO32: =ROUND((AJ32+AM32-AN32),2) -> 50 | AP32: 0 | AQ32: 0 | AR32: =H32 -> 9.9999846 | AS32: =SUMIF('June 2027'!$B:$B,'PTO SUMMARY 2027'!AF32,'June 2027'!$AK:$AK) -> 0 | AT32: =AO32+AR32-AS32 -> 59.999985 | AU32: 0 | AV32: 0 | AW32: 0 | AX32: 0 | AY32: 0 | AZ32: =AX32-AY32 -> 0 | BA32: =H32 -> 9.9999846 | BB32: =SUMIF('July 2027'!$B:$B,'PTO SUMMARY 2027'!AK32,'July 2027'!$AK:$AK) -> 0 | BC32: =AT32+BA32-BB32 -> 69.999969 | BD32: 0 | BE32: 0 | BF32: =H32 -> 9.9999846 | BG32: =SUMIF('August 2027'!$B:$B,'PTO SUMMARY 2027'!AP32,'August 2027'!$AK:$AK) -> 0 | BH32: =BC32+BF32-BG32 -> 79.999954 | BI32: 0 | BJ32: 0 | BK32: =H32 -> 9.9999846 | BL32: =SUMIF('September 2027'!$B:$B,'PTO SUMMARY 2027'!AU32,'September 2027'!$AK:$AK) -> 0 | BM32: =BH32+BK32-BL32 -> 89.999938 | BN32: 0 | BO32: 0 | BP32: 0 | BQ32: 0 | BR32: 0 | BS32: =BQ32-BR32 -> 0 | BT32: =H32 -> 9.9999846 | BU32: =SUMIF('October 2027'!$B:$B,'PTO SUMMARY 2027'!BH32,'October 2027'!$AK:$AK) -> 0 | BV32: =BM32+BT32-BU32 -> 99.999923 | BW32: 0 | BX32: 0 | BY32: =H32 -> 9.9999846 | BZ32: =SUMIF('November 2027'!$B:$B,'PTO SUMMARY 2027'!BM32,'November 2027'!$AK:$AK) -> 0 | CA32: =BV32+BY32-BZ32 -> 109.99991 | CB32: 0 | CC32: 0 | CD32: =H32 -> 9.9999846 | CE32: =SUMIF('December 2027'!$B:$B,'PTO SUMMARY 2027'!$B:$B,'December 2027'!$AK:$AK) -> 0 | CF32: =CA32+CD32-CE32 -> 119.99989 | CG32: 0 | CH32: 0 | CI32: 0 | CJ32: 0 | CK32: 0 | CL32: 0 | CM32: 0 | CN32: =CK32+CL32-CM32 -> 0
A33: Flowers, Miranda | B33: A3RX | C33: APC | E33: SMA | F33: NB | G33: 1 | H33: =((G33*86.67)*2)*(SUMIF('Accrual Rates'!B:B,'PTO SUMMARY 2027'!B33,'Accrual Rates'!G:G)) -> 13.333313 | I33: 0 | J33: 0 | K33: 0 | L33: 0 | M33: 0 | N33: =H33 -> 13.333313 | O33: =SUMIF('January 2027'!$B:$B,'PTO SUMMARY 2027'!B33,'January 2027'!$AK:$AK) -> 0 | P33: =L33+M33+N33-O33 -> 13.333313 | Q33: 0 | R33: 0 | S33: =H33 -> 13.333313 | T33: =SUMIF('February 2027'!$B:$B,'PTO SUMMARY 2027'!G33,'February 2027'!$AK:$AK) -> 0 | U33: 0 | V33: =P33+S33-T33 -> 26.666626 | W33: 0 | X33: 0 | Y33: =H33 -> 13.333313 | Z33: =SUMIF('March 2027'!$B:$B,'PTO SUMMARY 2027'!M33,'March 2027'!$AK:$AK) -> 0 | AA33: =V33+Y33-Z33 -> 39.999938 | AB33: 0 | AC33: 0 | AD33: 0 | AE33: =K33-AD33 -> 0 | AF33: 0 | AG33: =AE33-AF33 -> 0 | AH33: =H33 -> 13.333313 | AI33: =SUMIF('April 2027'!$B:$B,'PTO SUMMARY 2027'!V33,'April 2027'!$AK:$AK) -> 0 | AJ33: =AA33+AH33-AI33 -> 53.333251 | AK33: 0 | AL33: 0 | AM33: =H33 -> 13.333313 | AN33: =SUMIF('May 2027'!$B:$B,'PTO SUMMARY 2027'!AA33,'May 2027'!$AK:$AK) -> 0 | AO33: =ROUND((AJ33+AM33-AN33),2) -> 66.67 | AP33: 0 | AQ33: 0 | AR33: =H33 -> 13.333313 | AS33: =SUMIF('June 2027'!$B:$B,'PTO SUMMARY 2027'!AF33,'June 2027'!$AK:$AK) -> 0 | AT33: =AO33+AR33-AS33 -> 80.003313 | AU33: 0 | AV33: 0 | AW33: 0 | AX33: 0 | AY33: 0 | AZ33: =AX33-AY33 -> 0 | BA33: =H33 -> 13.333313 | BB33: =SUMIF('July 2027'!$B:$B,'PTO SUMMARY 2027'!AK33,'July 2027'!$AK:$AK) -> 0 | BC33: =AT33+BA33-BB33 -> 93.336626 | BD33: 0 | BE33: 0 | BF33: =H33 -> 13.333313 | BG33: =SUMIF('August 2027'!$B:$B,'PTO SUMMARY 2027'!AP33,'August 2027'!$AK:$AK) -> 0 | BH33: =BC33+BF33-BG33 -> 106.66994 | BI33: 0 | BJ33: 0 | BK33: =H33 -> 13.333313 | BL33: =SUMIF('September 2027'!$B:$B,'PTO SUMMARY 2027'!AU33,'September 2027'!$AK:$AK) -> 0 | BM33: =BH33+BK33-BL33 -> 120.00325 | BN33: 0 | BO33: 0 | BP33: 0 | BQ33: 0 | BR33: 0 | BS33: =BQ33-BR33 -> 0 | BT33: =H33 -> 13.333313 | BU33: =SUMIF('October 2027'!$B:$B,'PTO SUMMARY 2027'!BH33,'October 2027'!$AK:$AK) -> 0 | BV33: =BM33+BT33-BU33 -> 133.33656 | BW33: 0 | BX33: 0 | BY33: =H33 -> 13.333313 | BZ33: =SUMIF('November 2027'!$B:$B,'PTO SUMMARY 2027'!BM33,'November 2027'!$AK:$AK) -> 0 | CA33: =BV33+BY33-BZ33 -> 146.66988 | CB33: 0 | CC33: 0 | CD33: =H33 -> 13.333313 | CE33: =SUMIF('December 2027'!$B:$B,'PTO SUMMARY 2027'!$B:$B,'December 2027'!$AK:$AK) -> 0 | CF33: =CA33+CD33-CE33 -> 160.00319 | CG33: 0 | CH33: 0 | CI33: 0 | CJ33: 0 | CK33: 0 | CL33: 0 | CM33: 0 | CN33: =CK33+CL33-CM33 -> 0
A34: Fowler, Jessica | B34: A2AT | C34: MD | D34: Y | E34: OWM | F34: TN | G34: 1 | H34: 0 | I34: 0 | J34: 0 | K34: 0 | L34: 0 | M34: 0 | N34: =H34 -> 0 | O34: =SUMIF('January 2027'!$B:$B,'PTO SUMMARY 2027'!B34,'January 2027'!$AK:$AK) -> 0 | P34: =L34+M34+N34-O34 -> 0 | Q34: 0 | R34: 0 | S34: =H34 -> 0 | T34: =SUMIF('February 2027'!$B:$B,'PTO SUMMARY 2027'!G34,'February 2027'!$AK:$AK) -> 0 | U34: 0 | V34: =P34+S34-T34 -> 0 | W34: 0 | X34: 0 | Y34: =H34 -> 0 | Z34: =SUMIF('March 2027'!$B:$B,'PTO SUMMARY 2027'!M34,'March 2027'!$AK:$AK) -> 0 | AA34: =V34+Y34-Z34 -> 0 | AB34: 0 | AC34: 0 | AD34: 0 | AE34: =K34-AD34 -> 0 | AF34: 0 | AG34: =AE34-AF34 -> 0 | AH34: =H34 -> 0 | AI34: =SUMIF('April 2027'!$B:$B,'PTO SUMMARY 2027'!V34,'April 2027'!$AK:$AK) -> 0 | AJ34: =AA34+AH34-AI34 -> 0 | AK34: 0 | AL34: 0 | AM34: =H34 -> 0 | AN34: =SUMIF('May 2027'!$B:$B,'PTO SUMMARY 2027'!AA34,'May 2027'!$AK:$AK) -> 0 | AO34: =ROUND((AJ34+AM34-AN34),2) -> 0 | AP34: 0 | AQ34: 0 | AR34: =H34 -> 0 | AS34: =SUMIF('June 2027'!$B:$B,'PTO SUMMARY 2027'!AF34,'June 2027'!$AK:$AK) -> 0 | AT34: =AO34+AR34-AS34 -> 0 | AU34: 0 | AV34: 0 | AW34: 11 | AX34: 0 | AY34: 0 | AZ34: =AX34-AY34 -> 0 | BA34: =H34 -> 0 | BB34: =SUMIF('July 2027'!$B:$B,'PTO SUMMARY 2027'!AK34,'July 2027'!$AK:$AK) -> 0 | BC34: =AT34+BA34-BB34 -> 0 | BD34: 0 | BE34: 0 | BF34: =H34 -> 0 | BG34: =SUMIF('August 2027'!$B:$B,'PTO SUMMARY 2027'!AP34,'August 2027'!$AK:$AK) -> 0 | BH34: =BC34+BF34-BG34 -> 0 | BI34: 0 | BJ34: 0 | BK34: =H34 -> 0 | BL34: =SUMIF('September 2027'!$B:$B,'PTO SUMMARY 2027'!AU34,'September 2027'!$AK:$AK) -> 0 | BM34: =BH34+BK34-BL34 -> 0 | BN34: 0 | BO34: 0 | BP34: 11 | BQ34: 0 | BR34: 0 | BS34: =BQ34-BR34 -> 0 | BT34: =H34 -> 0 | BU34: =SUMIF('October 2027'!$B:$B,'PTO SUMMARY 2027'!BH34,'October 2027'!$AK:$AK) -> 0 | BV34: =BM34+BT34-BU34 -> 0 | BW34: 0 | BX34: 0 | BY34: =H34 -> 0 | BZ34: =SUMIF('November 2027'!$B:$B,'PTO SUMMARY 2027'!BM34,'November 2027'!$AK:$AK) -> 0 | CA34: =BV34+BY34-BZ34 -> 0 | CB34: 0 | CC34: 0 | CD34: =H34 -> 0 | CE34: =SUMIF('December 2027'!$B:$B,'PTO SUMMARY 2027'!$B:$B,'December 2027'!$AK:$AK) -> 0 | CF34: =CA34+CD34-CE34 -> 0 | CG34: 0 | CH34: 0 | CI34: 0 | CJ34: 11 | CK34: 0 | CL34: 0 | CM34: 0 | CN34: =CK34+CL34-CM34 -> 0
A35: Frank, Britney | B35: A2AZ | C35: APC | E35: SMA | F35: OCmid | G35: 1 | H35: =((G35*86.67)*2)*(SUMIF('Accrual Rates'!B:B,'PTO SUMMARY 2027'!B35,'Accrual Rates'!G:G)) -> 13.333313 | I35: 0 | J35: 0 | K35: 0 | L35: 0 | M35: 0 | N35: =H35 -> 13.333313 | O35: =SUMIF('January 2027'!$B:$B,'PTO SUMMARY 2027'!B35,'January 2027'!$AK:$AK) -> 0 | P35: =L35+M35+N35-O35 -> 13.333313 | Q35: 0 | R35: 0 | S35: =H35 -> 13.333313 | T35: =SUMIF('February 2027'!$B:$B,'PTO SUMMARY 2027'!G35,'February 2027'!$AK:$AK) -> 0 | U35: 0 | V35: =P35+S35-T35 -> 26.666626 | W35: 0 | X35: 0 | Y35: =H35 -> 13.333313 | Z35: =SUMIF('March 2027'!$B:$B,'PTO SUMMARY 2027'!M35,'March 2027'!$AK:$AK) -> 0 | AA35: =V35+Y35-Z35 -> 39.999938 | AB35: 0 | AC35: 0 | AD35: 0 | AE35: =K35-AD35 -> 0 | AF35: 0 | AG35: =AE35-AF35 -> 0 | AH35: =H35 -> 13.333313 | AI35: =SUMIF('April 2027'!$B:$B,'PTO SUMMARY 2027'!V35,'April 2027'!$AK:$AK) -> 0 | AJ35: =AA35+AH35-AI35 -> 53.333251 | AK35: 0 | AL35: 0 | AM35: =H35 -> 13.333313 | AN35: =SUMIF('May 2027'!$B:$B,'PTO SUMMARY 2027'!AA35,'May 2027'!$AK:$AK) -> 0 | AO35: =ROUND((AJ35+AM35-AN35),2) -> 66.67 | AP35: 0 | AQ35: 0 | AR35: =H35 -> 13.333313 | AS35: =SUMIF('June 2027'!$B:$B,'PTO SUMMARY 2027'!AF35,'June 2027'!$AK:$AK) -> 0 | AT35: =AO35+AR35-AS35 -> 80.003313 | AU35: 0 | AV35: 0 | AW35: 0 | AX35: 0 | AY35: 0 | AZ35: =AX35-AY35 -> 0 | BA35: =H35 -> 13.333313 | BB35: =SUMIF('July 2027'!$B:$B,'PTO SUMMARY 2027'!AK35,'July 2027'!$AK:$AK) -> 0 | BC35: =AT35+BA35-BB35 -> 93.336626 | BD35: 0 | BE35: 0 | BF35: =H35 -> 13.333313 | BG35: =SUMIF('August 2027'!$B:$B,'PTO SUMMARY 2027'!AP35,'August 2027'!$AK:$AK) -> 0 | BH35: =BC35+BF35-BG35 -> 106.66994 | BI35: 0 | BJ35: 0 | BK35: =H35 -> 13.333313 | BL35: =SUMIF('September 2027'!$B:$B,'PTO SUMMARY 2027'!AU35,'September 2027'!$AK:$AK) -> 0 | BM35: =BH35+BK35-BL35 -> 120.00325 | BN35: 0 | BO35: 0 | BP35: 0 | BQ35: 0 | BR35: 0 | BS35: =BQ35-BR35 -> 0 | BT35: =H35 -> 13.333313 | BU35: =SUMIF('October 2027'!$B:$B,'PTO SUMMARY 2027'!BH35,'October 2027'!$AK:$AK) -> 0 | BV35: =BM35+BT35-BU35 -> 133.33656 | BW35: 0 | BX35: 0 | BY35: =H35 -> 13.333313 | BZ35: =SUMIF('November 2027'!$B:$B,'PTO SUMMARY 2027'!BM35,'November 2027'!$AK:$AK) -> 0 | CA35: =BV35+BY35-BZ35 -> 146.66988 | CB35: 0 | CC35: 0 | CD35: =H35 -> 13.333313 | CE35: =SUMIF('December 2027'!$B:$B,'PTO SUMMARY 2027'!$B:$B,'December 2027'!$AK:$AK) -> 0 | CF35: =CA35+CD35-CE35 -> 160.00319 | CG35: 0 | CH35: 0 | CI35: 0 | CJ35: 0 | CK35: 0 | CL35: 0 | CM35: 0 | CN35: =CK35+CL35-CM35 -> 0
A36: Frederick (Miles), Carrie | B36: A2B1 | C36: MD | D36: Y | E36: OWM | F36: BR | G36: 0.75 | H36: 0 | I36: 0 | J36: 0 | K36: 0 | L36: 0 | M36: 0 | N36: =H36 -> 0 | O36: =SUMIF('January 2027'!$B:$B,'PTO SUMMARY 2027'!B36,'January 2027'!$AK:$AK) -> 8 | P36: =L36+M36+N36-O36 -> -8 | Q36: 0 | R36: 0 | S36: =H36 -> 0 | T36: =SUMIF('February 2027'!$B:$B,'PTO SUMMARY 2027'!G36,'February 2027'!$AK:$AK) -> 0 | U36: 0 | V36: =P36+S36-T36 -> -8 | W36: 0 | X36: 0 | Y36: =H36 -> 0 | Z36: =SUMIF('March 2027'!$B:$B,'PTO SUMMARY 2027'!M36,'March 2027'!$AK:$AK) -> 0 | AA36: =V36+Y36-Z36 -> -8 | AB36: 0 | AC36: 0 | AD36: 0 | AE36: =K36-AD36 -> 0 | AF36: 0 | AG36: =AE36-AF36 -> 0 | AH36: =H36 -> 0 | AI36: =SUMIF('April 2027'!$B:$B,'PTO SUMMARY 2027'!V36,'April 2027'!$AK:$AK) -> 0 | AJ36: =AA36+AH36-AI36 -> -8 | AK36: 0 | AL36: 0 | AM36: =H36 -> 0 | AN36: =SUMIF('May 2027'!$B:$B,'PTO SUMMARY 2027'!AA36,'May 2027'!$AK:$AK) -> 0 | AO36: =ROUND((AJ36+AM36-AN36),2) -> -8 | AP36: 0 | AQ36: 0 | AR36: =H36 -> 0 | AS36: =SUMIF('June 2027'!$B:$B,'PTO SUMMARY 2027'!AF36,'June 2027'!$AK:$AK) -> 0 | AT36: =AO36+AR36-AS36 -> -8 | AU36: 0 | AV36: 0 | AW36: 0 | AX36: 0 | AY36: 0 | AZ36: =AX36-AY36 -> 0 | BA36: =H36 -> 0 | BB36: =SUMIF('July 2027'!$B:$B,'PTO SUMMARY 2027'!AK36,'July 2027'!$AK:$AK) -> 0 | BC36: =AT36+BA36-BB36 -> -8 | BD36: 0 | BE36: 0 | BF36: =H36 -> 0 | BG36: =SUMIF('August 2027'!$B:$B,'PTO SUMMARY 2027'!AP36,'August 2027'!$AK:$AK) -> 0 | BH36: =BC36+BF36-BG36 -> -8 | BI36: 0 | BJ36: 0 | BK36: =H36 -> 0 | BL36: =SUMIF('September 2027'!$B:$B,'PTO SUMMARY 2027'!AU36,'September 2027'!$AK:$AK) -> 0 | BM36: =BH36+BK36-BL36 -> -8 | BN36: 0 | BO36: 0 | BP36: 0 | BQ36: 0 | BR36: 0 | BS36: =BQ36-BR36 -> 0 | BT36: =H36 -> 0 | BU36: =SUMIF('October 2027'!$B:$B,'PTO SUMMARY 2027'!BH36,'October 2027'!$AK:$AK) -> 0 | BV36: =BM36+BT36-BU36 -> -8 | BW36: 0 | BX36: 0 | BY36: =H36 -> 0 | BZ36: =SUMIF('November 2027'!$B:$B,'PTO SUMMARY 2027'!BM36,'November 2027'!$AK:$AK) -> 0 | CA36: =BV36+BY36-BZ36 -> -8 | CB36: 0 | CC36: 0 | CD36: =H36 -> 0 | CE36: =SUMIF('December 2027'!$B:$B,'PTO SUMMARY 2027'!$B:$B,'December 2027'!$AK:$AK) -> 0 | CF36: =CA36+CD36-CE36 -> -8 | CG36: 0 | CH36: 0 | CI36: 0 | CJ36: 0 | CK36: 0 | CL36: 0 | CM36: 0 | CN36: =CK36+CL36-CM36 -> 0
A37: Gallagher, Mary | B37: A2BE | C37: APC | E37: SMA | F37: PKmid | G37: 0.8 | H37: =((G37*86.67)*2)*(SUMIF('Accrual Rates'!B:B,'PTO SUMMARY 2027'!B37,'Accrual Rates'!G:G)) -> 13.866645 | I37: 0 | J37: 0 | K37: 0 | L37: 0 | M37: 0 | N37: =H37 -> 13.866645 | O37: =SUMIF('January 2027'!$B:$B,'PTO SUMMARY 2027'!B37,'January 2027'!$AK:$AK) -> 0 | P37: =L37+M37+N37-O37 -> 13.866645 | Q37: 0 | R37: 0 | S37: =H37 -> 13.866645 | T37: =SUMIF('February 2027'!$B:$B,'PTO SUMMARY 2027'!G37,'February 2027'!$AK:$AK) -> 0 | U37: 0 | V37: =P37+S37-T37 -> 27.733291 | W37: 0 | X37: 0 | Y37: =H37 -> 13.866645 | Z37: =SUMIF('March 2027'!$B:$B,'PTO SUMMARY 2027'!M37,'March 2027'!$AK:$AK) -> 0 | AA37: =V37+Y37-Z37 -> 41.599936 | AB37: 0 | AC37: 0 | AD37: 0 | AE37: =K37-AD37 -> 0 | AF37: 0 | AG37: =AE37-AF37 -> 0 | AH37: =H37 -> 13.866645 | AI37: =SUMIF('April 2027'!$B:$B,'PTO SUMMARY 2027'!V37,'April 2027'!$AK:$AK) -> 0 | AJ37: =AA37+AH37-AI37 -> 55.466581 | AK37: 0 | AL37: 0 | AM37: =H37 -> 13.866645 | AN37: =SUMIF('May 2027'!$B:$B,'PTO SUMMARY 2027'!AA37,'May 2027'!$AK:$AK) -> 0 | AO37: =ROUND((AJ37+AM37-AN37),2) -> 69.33 | AP37: 0 | AQ37: 0 | AR37: =H37 -> 13.866645 | AS37: =SUMIF('June 2027'!$B:$B,'PTO SUMMARY 2027'!AF37,'June 2027'!$AK:$AK) -> 0 | AT37: =AO37+AR37-AS37 -> 83.196645 | AU37: 0 | AV37: 0 | AW37: 0 | AX37: 0 | AY37: 0 | AZ37: =AX37-AY37 -> 0 | BA37: =H37 -> 13.866645 | BB37: =SUMIF('July 2027'!$B:$B,'PTO SUMMARY 2027'!AK37,'July 2027'!$AK:$AK) -> 0 | BC37: =AT37+BA37-BB37 -> 97.063291 | BD37: 0 | BE37: 0 | BF37: =H37 -> 13.866645 | BG37: =SUMIF('August 2027'!$B:$B,'PTO SUMMARY 2027'!AP37,'August 2027'!$AK:$AK) -> 0 | BH37: =BC37+BF37-BG37 -> 110.92994 | BI37: 0 | BJ37: 0 | BK37: =H37 -> 13.866645 | BL37: =SUMIF('September 2027'!$B:$B,'PTO SUMMARY 2027'!AU37,'September 2027'!$AK:$AK) -> 0 | BM37: =BH37+BK37-BL37 -> 124.79658 | BN37: 0 | BO37: 0 | BP37: 0 | BQ37: 0 | BR37: 0 | BS37: =BQ37-BR37 -> 0 | BT37: =H37 -> 13.866645 | BU37: =SUMIF('October 2027'!$B:$B,'PTO SUMMARY 2027'!BH37,'October 2027'!$AK:$AK) -> 0 | BV37: =BM37+BT37-BU37 -> 138.66323 | BW37: 0 | BX37: 0 | BY37: =H37 -> 13.866645 | BZ37: =SUMIF('November 2027'!$B:$B,'PTO SUMMARY 2027'!BM37,'November 2027'!$AK:$AK) -> 0 | CA37: =BV37+BY37-BZ37 -> 152.52987 | CB37: 0 | CC37: 0 | CD37: =H37 -> 13.866645 | CE37: =SUMIF('December 2027'!$B:$B,'PTO SUMMARY 2027'!$B:$B,'December 2027'!$AK:$AK) -> 0 | CF37: =CA37+CD37-CE37 -> 166.39652 | CG37: 0 | CH37: 0 | CI37: 0 | CJ37: 0 | CK37: 0 | CL37: 0 | CM37: 0 | CN37: =CK37+CL37-CM37 -> 0
A38: Garvie-Loveland, Maryanne | B38: A2BQ | C38: MD | D38: Y | E38: OWM | F38: GW | G38: 1 | H38: 0 | I38: 0 | J38: 0 | K38: 0 | L38: 0 | M38: 0 | N38: =H38 -> 0 | O38: =SUMIF('January 2027'!$B:$B,'PTO SUMMARY 2027'!B38,'January 2027'!$AK:$AK) -> 8 | P38: =L38+M38+N38-O38 -> -8 | Q38: 0 | R38: 0 | S38: =H38 -> 0 | T38: =SUMIF('February 2027'!$B:$B,'PTO SUMMARY 2027'!G38,'February 2027'!$AK:$AK) -> 0 | U38: 0 | V38: =P38+S38-T38 -> -8 | W38: 0 | X38: 0 | Y38: =H38 -> 0 | Z38: =SUMIF('March 2027'!$B:$B,'PTO SUMMARY 2027'!M38,'March 2027'!$AK:$AK) -> 0 | AA38: =V38+Y38-Z38 -> -8 | AB38: 0 | AC38: 0 | AD38: 0 | AE38: =K38-AD38 -> 0 | AF38: 0 | AG38: =AE38-AF38 -> 0 | AH38: =H38 -> 0 | AI38: =SUMIF('April 2027'!$B:$B,'PTO SUMMARY 2027'!V38,'April 2027'!$AK:$AK) -> 0 | AJ38: =AA38+AH38-AI38 -> -8 | AK38: 0 | AL38: 0 | AM38: =H38 -> 0 | AN38: =SUMIF('May 2027'!$B:$B,'PTO SUMMARY 2027'!AA38,'May 2027'!$AK:$AK) -> 0 | AO38: =ROUND((AJ38+AM38-AN38),2) -> -8 | AP38: 0 | AQ38: 0 | AR38: =H38 -> 0 | AS38: =SUMIF('June 2027'!$B:$B,'PTO SUMMARY 2027'!AF38,'June 2027'!$AK:$AK) -> 0 | AT38: =AO38+AR38-AS38 -> -8 | AU38: 0 | AV38: 0 | AW38: 0 | AX38: 0 | AY38: 0 | AZ38: =AX38-AY38 -> 0 | BA38: =H38 -> 0 | BB38: =SUMIF('July 2027'!$B:$B,'PTO SUMMARY 2027'!AK38,'July 2027'!$AK:$AK) -> 0 | BC38: =AT38+BA38-BB38 -> -8 | BD38: 0 | BE38: 0 | BF38: =H38 -> 0 | BG38: =SUMIF('August 2027'!$B:$B,'PTO SUMMARY 2027'!AP38,'August 2027'!$AK:$AK) -> 0 | BH38: =BC38+BF38-BG38 -> -8 | BI38: 0 | BJ38: 0 | BK38: =H38 -> 0 | BL38: =SUMIF('September 2027'!$B:$B,'PTO SUMMARY 2027'!AU38,'September 2027'!$AK:$AK) -> 0 | BM38: =BH38+BK38-BL38 -> -8 | BN38: 0 | BO38: 0 | BP38: 0 | BQ38: 0 | BR38: 0 | BS38: =BQ38-BR38 -> 0 | BT38: =H38 -> 0 | BU38: =SUMIF('October 2027'!$B:$B,'PTO SUMMARY 2027'!BH38,'October 2027'!$AK:$AK) -> 0 | BV38: =BM38+BT38-BU38 -> -8 | BW38: 0 | BX38: 0 | BY38: =H38 -> 0 | BZ38: =SUMIF('November 2027'!$B:$B,'PTO SUMMARY 2027'!BM38,'November 2027'!$AK:$AK) -> 0 | CA38: =BV38+BY38-BZ38 -> -8 | CB38: 0 | CC38: 0 | CD38: =H38 -> 0 | CE38: =SUMIF('December 2027'!$B:$B,'PTO SUMMARY 2027'!$B:$B,'December 2027'!$AK:$AK) -> 0 | CF38: =CA38+CD38-CE38 -> -8 | CG38: 0 | CH38: 0 | CI38: 0 | CJ38: 0 | CK38: 0 | CL38: 0 | CM38: 0 | CN38: =CK38+CL38-CM38 -> 0
A39: Geller, Alina | B39: A2C3 | C39: MD | D39: Y | E39: OWM | F39: NB | G39: 0.75 | H39: 0 | I39: 0 | J39: 0 | K39: 0 | L39: 0 | M39: 0 | N39: =H39 -> 0 | O39: =SUMIF('January 2027'!$B:$B,'PTO SUMMARY 2027'!B39,'January 2027'!$AK:$AK) -> 0 | P39: =L39+M39+N39-O39 -> 0 | Q39: 0 | R39: 0 | S39: =H39 -> 0 | T39: =SUMIF('February 2027'!$B:$B,'PTO SUMMARY 2027'!G39,'February 2027'!$AK:$AK) -> 0 | U39: 0 | V39: =P39+S39-T39 -> 0 | W39: 0 | X39: 0 | Y39: =H39 -> 0 | Z39: =SUMIF('March 2027'!$B:$B,'PTO SUMMARY 2027'!M39,'March 2027'!$AK:$AK) -> 0 | AA39: =V39+Y39-Z39 -> 0 | AB39: 0 | AC39: 0 | AD39: 0 | AE39: =K39-AD39 -> 0 | AF39: 0 | AG39: =AE39-AF39 -> 0 | AH39: =H39 -> 0 | AI39: =SUMIF('April 2027'!$B:$B,'PTO SUMMARY 2027'!V39,'April 2027'!$AK:$AK) -> 0 | AJ39: =AA39+AH39-AI39 -> 0 | AK39: 0 | AL39: 0 | AM39: =H39 -> 0 | AN39: =SUMIF('May 2027'!$B:$B,'PTO SUMMARY 2027'!AA39,'May 2027'!$AK:$AK) -> 0 | AO39: =ROUND((AJ39+AM39-AN39),2) -> 0 | AP39: 0 | AQ39: 0 | AR39: =H39 -> 0 | AS39: =SUMIF('June 2027'!$B:$B,'PTO SUMMARY 2027'!AF39,'June 2027'!$AK:$AK) -> 0 | AT39: =AO39+AR39-AS39 -> 0 | AU39: 0 | AV39: 0 | AW39: 0 | AX39: 0 | AY39: 0 | AZ39: =AX39-AY39 -> 0 | BA39: =H39 -> 0 | BB39: =SUMIF('July 2027'!$B:$B,'PTO SUMMARY 2027'!AK39,'July 2027'!$AK:$AK) -> 0 | BC39: =AT39+BA39-BB39 -> 0 | BD39: 0 | BE39: 0 | BF39: =H39 -> 0 | BG39: =SUMIF('August 2027'!$B:$B,'PTO SUMMARY 2027'!AP39,'August 2027'!$AK:$AK) -> 0 | BH39: =BC39+BF39-BG39 -> 0 | BI39: 0 | BJ39: 0 | BK39: =H39 -> 0 | BL39: =SUMIF('September 2027'!$B:$B,'PTO SUMMARY 2027'!AU39,'September 2027'!$AK:$AK) -> 0 | BM39: =BH39+BK39-BL39 -> 0 | BN39: 0 | BO39: 0 | BP39: 0 | BQ39: 0 | BR39: 0 | BS39: =BQ39-BR39 -> 0 | BT39: =H39 -> 0 | BU39: =SUMIF('October 2027'!$B:$B,'PTO SUMMARY 2027'!BH39,'October 2027'!$AK:$AK) -> 0 | BV39: =BM39+BT39-BU39 -> 0 | BW39: 0 | BX39: 0 | BY39: =H39 -> 0 | BZ39: =SUMIF('November 2027'!$B:$B,'PTO SUMMARY 2027'!BM39,'November 2027'!$AK:$AK) -> 0 | CA39: =BV39+BY39-BZ39 -> 0 | CB39: 0 | CC39: 0 | CD39: =H39 -> 0 | CE39: =SUMIF('December 2027'!$B:$B,'PTO SUMMARY 2027'!$B:$B,'December 2027'!$AK:$AK) -> 0 | CF39: =CA39+CD39-CE39 -> 0 | CG39: 0 | CH39: 0 | CI39: 0 | CJ39: 0 | CK39: 0 | CL39: 0 | CM39: 0 | CN39: =CK39+CL39-CM39 -> 0
A40: Geunes, Lindsey | B40: A2C9 | C40: APC | D40: Y | E40: OWA | F40: PKmid | G40: 0.8 | H40: 0 | I40: 0 | J40: 0 | K40: 0 | L40: 0 | M40: 0 | N40: =H40 -> 0 | O40: =SUMIF('January 2027'!$B:$B,'PTO SUMMARY 2027'!B40,'January 2027'!$AK:$AK) -> 0 | P40: =L40+M40+N40-O40 -> 0 | Q40: 0 | R40: 0 | S40: =H40 -> 0 | T40: =SUMIF('February 2027'!$B:$B,'PTO SUMMARY 2027'!G40,'February 2027'!$AK:$AK) -> 0 | U40: 0 | V40: =P40+S40-T40 -> 0 | W40: 0 | X40: 0 | Y40: =H40 -> 0 | Z40: =SUMIF('March 2027'!$B:$B,'PTO SUMMARY 2027'!M40,'March 2027'!$AK:$AK) -> 0 | AA40: =V40+Y40-Z40 -> 0 | AB40: 0 | AC40: 0 | AD40: 0 | AE40: =K40-AD40 -> 0 | AF40: 0 | AG40: =AE40-AF40 -> 0 | AH40: =H40 -> 0 | AI40: =SUMIF('April 2027'!$B:$B,'PTO SUMMARY 2027'!V40,'April 2027'!$AK:$AK) -> 0 | AJ40: =AA40+AH40-AI40 -> 0 | AK40: 0 | AL40: 0 | AM40: =H40 -> 0 | AN40: =SUMIF('May 2027'!$B:$B,'PTO SUMMARY 2027'!AA40,'May 2027'!$AK:$AK) -> 0 | AO40: =ROUND((AJ40+AM40-AN40),2) -> 0 | AP40: 0 | AQ40: 0 | AR40: =H40 -> 0 | AS40: =SUMIF('June 2027'!$B:$B,'PTO SUMMARY 2027'!AF40,'June 2027'!$AK:$AK) -> 0 | AT40: =AO40+AR40-AS40 -> 0 | AU40: 0 | AV40: 0 | AW40: 0 | AX40: 0 | AY40: 0 | AZ40: =AX40-AY40 -> 0 | BA40: =H40 -> 0 | BB40: =SUMIF('July 2027'!$B:$B,'PTO SUMMARY 2027'!AK40,'July 2027'!$AK:$AK) -> 0 | BC40: =AT40+BA40-BB40 -> 0 | BD40: 0 | BE40: 0 | BF40: =H40 -> 0 | BG40: =SUMIF('August 2027'!$B:$B,'PTO SUMMARY 2027'!AP40,'August 2027'!$AK:$AK) -> 0 | BH40: =BC40+BF40-BG40 -> 0 | BI40: 0 | BJ40: 0 | BK40: =H40 -> 0 | BL40: =SUMIF('September 2027'!$B:$B,'PTO SUMMARY 2027'!AU40,'September 2027'!$AK:$AK) -> 0 | BM40: =BH40+BK40-BL40 -> 0 | BN40: 0 | BO40: 0 | BP40: 0 | BQ40: 0 | BR40: 0 | BS40: =BQ40-BR40 -> 0 | BT40: =H40 -> 0 | BU40: =SUMIF('October 2027'!$B:$B,'PTO SUMMARY 2027'!BH40,'October 2027'!$AK:$AK) -> 0 | BV40: =BM40+BT40-BU40 -> 0 | BW40: 0 | BX40: 0 | BY40: =H40 -> 0 | BZ40: =SUMIF('November 2027'!$B:$B,'PTO SUMMARY 2027'!BM40,'November 2027'!$AK:$AK) -> 0 | CA40: =BV40+BY40-BZ40 -> 0 | CB40: 0 | CC40: 0 | CD40: =H40 -> 0 | CE40: =SUMIF('December 2027'!$B:$B,'PTO SUMMARY 2027'!$B:$B,'December 2027'!$AK:$AK) -> 0 | CF40: =CA40+CD40-CE40 -> 0 | CG40: 0 | CH40: 0 | CI40: 0 | CJ40: 0 | CK40: 0 | CL40: 0 | CM40: 0 | CN40: =CK40+CL40-CM40 -> 0
A41: Giunio-Zorkin, Mackenzie | B41: A2CN | C41: MD | E41: SAM | F41: PKMD | G41: 1 | H41: =((G41*86.67)*2)*(SUMIF('Accrual Rates'!B:B,'PTO SUMMARY 2027'!B41,'Accrual Rates'!G:G)) -> 15.999975 | I41: 0 | J41: 0 | K41: 0 | L41: 0 | M41: 0 | N41: =H41 -> 15.999975 | O41: =SUMIF('January 2027'!$B:$B,'PTO SUMMARY 2027'!B41,'January 2027'!$AK:$AK) -> 0 | P41: =L41+M41+N41-O41 -> 15.999975 | Q41: 0 | R41: 0 | S41: =H41 -> 15.999975 | T41: =SUMIF('February 2027'!$B:$B,'PTO SUMMARY 2027'!G41,'February 2027'!$AK:$AK) -> 0 | U41: 0 | V41: =P41+S41-T41 -> 31.999951 | W41: 0 | X41: 0 | Y41: =H41 -> 15.999975 | Z41: =SUMIF('March 2027'!$B:$B,'PTO SUMMARY 2027'!M41,'March 2027'!$AK:$AK) -> 0 | AA41: =V41+Y41-Z41 -> 47.999926 | AB41: 0 | AC41: 0 | AD41: 0 | AE41: =K41-AD41 -> 0 | AF41: 0 | AG41: =AE41-AF41 -> 0 | AH41: =H41 -> 15.999975 | AI41: =SUMIF('April 2027'!$B:$B,'PTO SUMMARY 2027'!V41,'April 2027'!$AK:$AK) -> 0 | AJ41: =AA41+AH41-AI41 -> 63.999901 | AK41: 0 | AL41: 0 | AM41: =H41 -> 15.999975 | AN41: =SUMIF('May 2027'!$B:$B,'PTO SUMMARY 2027'!AA41,'May 2027'!$AK:$AK) -> 0 | AO41: =ROUND((AJ41+AM41-AN41),2) -> 80 | AP41: 0 | AQ41: 0 | AR41: =H41 -> 15.999975 | AS41: =SUMIF('June 2027'!$B:$B,'PTO SUMMARY 2027'!AF41,'June 2027'!$AK:$AK) -> 0 | AT41: =AO41+AR41-AS41 -> 95.999975 | AU41: 0 | AV41: 0 | AW41: 0 | AX41: 0 | AY41: 0 | AZ41: =AX41-AY41 -> 0 | BA41: =H41 -> 15.999975 | BB41: =SUMIF('July 2027'!$B:$B,'PTO SUMMARY 2027'!AK41,'July 2027'!$AK:$AK) -> 0 | BC41: =AT41+BA41-BB41 -> 111.99995 | BD41: 0 | BE41: 0 | BF41: =H41 -> 15.999975 | BG41: =SUMIF('August 2027'!$B:$B,'PTO SUMMARY 2027'!AP41,'August 2027'!$AK:$AK) -> 0 | BH41: =BC41+BF41-BG41 -> 127.99993 | BI41: 0 | BJ41: 0 | BK41: =H41 -> 15.999975 | BL41: =SUMIF('September 2027'!$B:$B,'PTO SUMMARY 2027'!AU41,'September 2027'!$AK:$AK) -> 0 | BM41: =BH41+BK41-BL41 -> 143.9999 | BN41: 0 | BO41: 0 | BP41: 0 | BQ41: 0 | BR41: 0 | BS41: =BQ41-BR41 -> 0 | BT41: =H41 -> 15.999975 | BU41: =SUMIF('October 2027'!$B:$B,'PTO SUMMARY 2027'!BH41,'October 2027'!$AK:$AK) -> 0 | BV41: =BM41+BT41-BU41 -> 159.99988 | BW41: 0 | BX41: 0 | BY41: =H41 -> 15.999975 | BZ41: =SUMIF('November 2027'!$B:$B,'PTO SUMMARY 2027'!BM41,'November 2027'!$AK:$AK) -> 0 | CA41: =BV41+BY41-BZ41 -> 175.99985 | CB41: 0 | CC41: 0 | CD41: =H41 -> 15.999975 | CE41: =SUMIF('December 2027'!$B:$B,'PTO SUMMARY 2027'!$B:$B,'December 2027'!$AK:$AK) -> 0 | CF41: =CA41+CD41-CE41 -> 191.99983 | CG41: 0 | CH41: 0 | CI41: 0 | CJ41: 0 | CK41: 0 | CL41: 0 | CM41: 0 | CN41: =CK41+CL41-CM41 -> 0
A42: Goranson, Lori | B42: A2D4 | C42: MD | D42: Y | E42: OWM | F42: TN | G42: 1 | H42: 0 | I42: 0 | J42: 0 | K42: 0 | L42: 0 | M42: 0 | N42: =H42 -> 0 | O42: =SUMIF('January 2027'!$B:$B,'PTO SUMMARY 2027'!B42,'January 2027'!$AK:$AK) -> 0 | P42: =L42+M42+N42-O42 -> 0 | Q42: 0 | R42: 0 | S42: =H42 -> 0 | T42: =SUMIF('February 2027'!$B:$B,'PTO SUMMARY 2027'!G42,'February 2027'!$AK:$AK) -> 0 | U42: 0 | V42: =P42+S42-T42 -> 0 | W42: 0 | X42: 0 | Y42: =H42 -> 0 | Z42: =SUMIF('March 2027'!$B:$B,'PTO SUMMARY 2027'!M42,'March 2027'!$AK:$AK) -> 0 | AA42: =V42+Y42-Z42 -> 0 | AB42: 0 | AC42: 0 | AD42: 0 | AE42: =K42-AD42 -> 0 | AF42: 0 | AG42: =AE42-AF42 -> 0 | AH42: =H42 -> 0 | AI42: =SUMIF('April 2027'!$B:$B,'PTO SUMMARY 2027'!V42,'April 2027'!$AK:$AK) -> 0 | AJ42: =AA42+AH42-AI42 -> 0 | AK42: 0 | AL42: 0 | AM42: =H42 -> 0 | AN42: =SUMIF('May 2027'!$B:$B,'PTO SUMMARY 2027'!AA42,'May 2027'!$AK:$AK) -> 0 | AO42: =ROUND((AJ42+AM42-AN42),2) -> 0 | AP42: 0 | AQ42: 0 | AR42: =H42 -> 0 | AS42: =SUMIF('June 2027'!$B:$B,'PTO SUMMARY 2027'!AF42,'June 2027'!$AK:$AK) -> 0 | AT42: =AO42+AR42-AS42 -> 0 | AU42: 0 | AV42: 0 | AW42: 0 | AX42: 0 | AY42: 0 | AZ42: =AX42-AY42 -> 0 | BA42: =H42 -> 0 | BB42: =SUMIF('July 2027'!$B:$B,'PTO SUMMARY 2027'!AK42,'July 2027'!$AK:$AK) -> 0 | BC42: =AT42+BA42-BB42 -> 0 | BD42: 0 | BE42: 0 | BF42: =H42 -> 0 | BG42: =SUMIF('August 2027'!$B:$B,'PTO SUMMARY 2027'!AP42,'August 2027'!$AK:$AK) -> 0 | BH42: =BC42+BF42-BG42 -> 0 | BI42: 0 | BJ42: 0 | BK42: =H42 -> 0 | BL42: =SUMIF('September 2027'!$B:$B,'PTO SUMMARY 2027'!AU42,'September 2027'!$AK:$AK) -> 0 | BM42: =BH42+BK42-BL42 -> 0 | BN42: 0 | BO42: 0 | BP42: 0 | BQ42: 0 | BR42: 0 | BS42: =BQ42-BR42 -> 0 | BT42: =H42 -> 0 | BU42: =SUMIF('October 2027'!$B:$B,'PTO SUMMARY 2027'!BH42,'October 2027'!$AK:$AK) -> 0 | BV42: =BM42+BT42-BU42 -> 0 | BW42: 0 | BX42: 0 | BY42: =H42 -> 0 | BZ42: =SUMIF('November 2027'!$B:$B,'PTO SUMMARY 2027'!BM42,'November 2027'!$AK:$AK) -> 0 | CA42: =BV42+BY42-BZ42 -> 0 | CB42: 0 | CC42: 0 | CD42: =H42 -> 0 | CE42: =SUMIF('December 2027'!$B:$B,'PTO SUMMARY 2027'!$B:$B,'December 2027'!$AK:$AK) -> 0 | CF42: =CA42+CD42-CE42 -> 0 | CG42: 0 | CH42: 0 | CI42: 0 | CJ42: 0 | CK42: 0 | CL42: 0 | CM42: 0 | CN42: =CK42+CL42-CM42 -> 0
A43: Gorman, Margaret | B43: A2D7 | C43: MD | E43: SAM | F43: GW | G43: 0.75 | H43: =((G43*86.67)*2)*(SUMIF('Accrual Rates'!B:B,'PTO SUMMARY 2027'!B43,'Accrual Rates'!G:G)) -> 11.999982 | I43: 0 | J43: 0 | K43: 0 | L43: 0 | M43: 0 | N43: =H43 -> 11.999982 | O43: =SUMIF('January 2027'!$B:$B,'PTO SUMMARY 2027'!B43,'January 2027'!$AK:$AK) -> 8 | P43: =L43+M43+N43-O43 -> 3.9999815 | Q43: 0 | R43: 0 | S43: =H43 -> 11.999982 | T43: =SUMIF('February 2027'!$B:$B,'PTO SUMMARY 2027'!G43,'February 2027'!$AK:$AK) -> 0 | U43: 0 | V43: =P43+S43-T43 -> 15.999963 | W43: 0 | X43: 0 | Y43: =H43 -> 11.999982 | Z43: =SUMIF('March 2027'!$B:$B,'PTO SUMMARY 2027'!M43,'March 2027'!$AK:$AK) -> 0 | AA43: =V43+Y43-Z43 -> 27.999945 | AB43: 0 | AC43: 0 | AD43: 0 | AE43: =K43-AD43 -> 0 | AF43: 0 | AG43: =AE43-AF43 -> 0 | AH43: =H43 -> 11.999982 | AI43: =SUMIF('April 2027'!$B:$B,'PTO SUMMARY 2027'!V43,'April 2027'!$AK:$AK) -> 0 | AJ43: =AA43+AH43-AI43 -> 39.999926 | AK43: 0 | AL43: 0 | AM43: =H43 -> 11.999982 | AN43: =SUMIF('May 2027'!$B:$B,'PTO SUMMARY 2027'!AA43,'May 2027'!$AK:$AK) -> 0 | AO43: =ROUND((AJ43+AM43-AN43),2) -> 52 | AP43: 0 | AQ43: 0 | AR43: =H43 -> 11.999982 | AS43: =SUMIF('June 2027'!$B:$B,'PTO SUMMARY 2027'!AF43,'June 2027'!$AK:$AK) -> 0 | AT43: =AO43+AR43-AS43 -> 63.999982 | AU43: 0 | AV43: 0 | AW43: 0 | AX43: 0 | AY43: 0 | AZ43: =AX43-AY43 -> 0 | BA43: =H43 -> 11.999982 | BB43: =SUMIF('July 2027'!$B:$B,'PTO SUMMARY 2027'!AK43,'July 2027'!$AK:$AK) -> 0 | BC43: =AT43+BA43-BB43 -> 75.999963 | BD43: 0 | BE43: 0 | BF43: =H43 -> 11.999982 | BG43: =SUMIF('August 2027'!$B:$B,'PTO SUMMARY 2027'!AP43,'August 2027'!$AK:$AK) -> 0 | BH43: =BC43+BF43-BG43 -> 87.999945 | BI43: 0 | BJ43: 0 | BK43: =H43 -> 11.999982 | BL43: =SUMIF('September 2027'!$B:$B,'PTO SUMMARY 2027'!AU43,'September 2027'!$AK:$AK) -> 0 | BM43: =BH43+BK43-BL43 -> 99.999926 | BN43: 0 | BO43: 0 | BP43: 0 | BQ43: 0 | BR43: 0 | BS43: =BQ43-BR43 -> 0 | BT43: =H43 -> 11.999982 | BU43: =SUMIF('October 2027'!$B:$B,'PTO SUMMARY 2027'!BH43,'October 2027'!$AK:$AK) -> 0 | BV43: =BM43+BT43-BU43 -> 111.99991 | BW43: 0 | BX43: 0 | BY43: =H43 -> 11.999982 | BZ43: =SUMIF('November 2027'!$B:$B,'PTO SUMMARY 2027'!BM43,'November 2027'!$AK:$AK) -> 0 | CA43: =BV43+BY43-BZ43 -> 123.99989 | CB43: 0 | CC43: 0 | CD43: =H43 -> 11.999982 | CE43: =SUMIF('December 2027'!$B:$B,'PTO SUMMARY 2027'!$B:$B,'December 2027'!$AK:$AK) -> 0 | CF43: =CA43+CD43-CE43 -> 135.99987 | CG43: 0 | CH43: 0 | CI43: 0 | CJ43: 0 | CK43: 0 | CL43: 0 | CM43: 0 | CN43: =CK43+CL43-CM43 -> 0
A44: Hall, Wendy | B44: A2FO | C44: MD | D44: Y | E44: OWM | F44: OCMD | G44: 0.88 | H44: 0 | I44: 0 | J44: 0 | K44: 0 | L44: 0 | M44: 0 | N44: =H44 -> 0 | O44: =SUMIF('January 2027'!$B:$B,'PTO SUMMARY 2027'!B44,'January 2027'!$AK:$AK) -> 0 | P44: =L44+M44+N44-O44 -> 0 | Q44: 0 | R44: 0 | S44: =H44 -> 0 | T44: =SUMIF('February 2027'!$B:$B,'PTO SUMMARY 2027'!G44,'February 2027'!$AK:$AK) -> 0 | U44: 0 | V44: =P44+S44-T44 -> 0 | W44: 0 | X44: 0 | Y44: =H44 -> 0 | Z44: =SUMIF('March 2027'!$B:$B,'PTO SUMMARY 2027'!M44,'March 2027'!$AK:$AK) -> 0 | AA44: =V44+Y44-Z44 -> 0 | AB44: 0 | AC44: 0 | AD44: 0 | AE44: =K44-AD44 -> 0 | AF44: 0 | AG44: =AE44-AF44 -> 0 | AH44: =H44 -> 0 | AI44: =SUMIF('April 2027'!$B:$B,'PTO SUMMARY 2027'!V44,'April 2027'!$AK:$AK) -> 0 | AJ44: =AA44+AH44-AI44 -> 0 | AK44: 0 | AL44: 0 | AM44: =H44 -> 0 | AN44: =SUMIF('May 2027'!$B:$B,'PTO SUMMARY 2027'!AA44,'May 2027'!$AK:$AK) -> 0 | AO44: =ROUND((AJ44+AM44-AN44),2) -> 0 | AP44: 0 | AQ44: 0 | AR44: =H44 -> 0 | AS44: =SUMIF('June 2027'!$B:$B,'PTO SUMMARY 2027'!AF44,'June 2027'!$AK:$AK) -> 0 | AT44: =AO44+AR44-AS44 -> 0 | AU44: 0 | AV44: 0 | AW44: 0 | AX44: 0 | AY44: 0 | AZ44: =AX44-AY44 -> 0 | BA44: =H44 -> 0 | BB44: =SUMIF('July 2027'!$B:$B,'PTO SUMMARY 2027'!AK44,'July 2027'!$AK:$AK) -> 0 | BC44: =AT44+BA44-BB44 -> 0 | BD44: 0 | BE44: 0 | BF44: =H44 -> 0 | BG44: =SUMIF('August 2027'!$B:$B,'PTO SUMMARY 2027'!AP44,'August 2027'!$AK:$AK) -> 0 | BH44: =BC44+BF44-BG44 -> 0 | BI44: 0 | BJ44: 0 | BK44: =H44 -> 0 | BL44: =SUMIF('September 2027'!$B:$B,'PTO SUMMARY 2027'!AU44,'September 2027'!$AK:$AK) -> 0 | BM44: =BH44+BK44-BL44 -> 0 | BN44: 0 | BO44: 0 | BP44: 0 | BQ44: 0 | BR44: 0 | BS44: =BQ44-BR44 -> 0 | BT44: =H44 -> 0 | BU44: =SUMIF('October 2027'!$B:$B,'PTO SUMMARY 2027'!BH44,'October 2027'!$AK:$AK) -> 0 | BV44: =BM44+BT44-BU44 -> 0 | BW44: 0 | BX44: 0 | BY44: =H44 -> 0 | BZ44: =SUMIF('November 2027'!$B:$B,'PTO SUMMARY 2027'!BM44,'November 2027'!$AK:$AK) -> 0 | CA44: =BV44+BY44-BZ44 -> 0 | CB44: 0 | CC44: 0 | CD44: =H44 -> 0 | CE44: =SUMIF('December 2027'!$B:$B,'PTO SUMMARY 2027'!$B:$B,'December 2027'!$AK:$AK) -> 0 | CF44: =CA44+CD44-CE44 -> 0 | CG44: 0 | CH44: 0 | CI44: 0 | CJ44: 0 | CK44: 0 | CL44: 0 | CM44: 0 | CN44: =CK44+CL44-CM44 -> 0
A45: Hansen, Karen | B45: A2G1 | C45: APC | D45: Y | E45: OWA | F45: NWP | G45: 0.75 | H45: 0 | I45: 0 | J45: 0 | K45: 0 | L45: 0 | M45: 0 | N45: =H45 -> 0 | O45: =SUMIF('January 2027'!$B:$B,'PTO SUMMARY 2027'!B45,'January 2027'!$AK:$AK) -> 0 | P45: =L45+M45+N45-O45 -> 0 | Q45: 0 | R45: 0 | S45: =H45 -> 0 | T45: =SUMIF('February 2027'!$B:$B,'PTO SUMMARY 2027'!G45,'February 2027'!$AK:$AK) -> 0 | U45: 0 | V45: =P45+S45-T45 -> 0 | W45: 0 | X45: 0 | Y45: =H45 -> 0 | Z45: =SUMIF('March 2027'!$B:$B,'PTO SUMMARY 2027'!M45,'March 2027'!$AK:$AK) -> 0 | AA45: =V45+Y45-Z45 -> 0 | AB45: 0 | AC45: 0 | AD45: 0 | AE45: =K45-AD45 -> 0 | AF45: 0 | AG45: =AE45-AF45 -> 0 | AH45: =H45 -> 0 | AI45: =SUMIF('April 2027'!$B:$B,'PTO SUMMARY 2027'!V45,'April 2027'!$AK:$AK) -> 0 | AJ45: =AA45+AH45-AI45 -> 0 | AK45: 0 | AL45: 0 | AM45: =H45 -> 0 | AN45: =SUMIF('May 2027'!$B:$B,'PTO SUMMARY 2027'!AA45,'May 2027'!$AK:$AK) -> 0 | AO45: =ROUND((AJ45+AM45-AN45),2) -> 0 | AP45: 0 | AQ45: 0 | AR45: =H45 -> 0 | AS45: =SUMIF('June 2027'!$B:$B,'PTO SUMMARY 2027'!AF45,'June 2027'!$AK:$AK) -> 0 | AT45: =AO45+AR45-AS45 -> 0 | AU45: 0 | AV45: 0 | AW45: 0 | AX45: 0 | AY45: 0 | AZ45: =AX45-AY45 -> 0 | BA45: =H45 -> 0 | BB45: =SUMIF('July 2027'!$B:$B,'PTO SUMMARY 2027'!AK45,'July 2027'!$AK:$AK) -> 0 | BC45: =AT45+BA45-BB45 -> 0 | BD45: 0 | BE45: 0 | BF45: =H45 -> 0 | BG45: =SUMIF('August 2027'!$B:$B,'PTO SUMMARY 2027'!AP45,'August 2027'!$AK:$AK) -> 0 | BH45: =BC45+BF45-BG45 -> 0 | BI45: 0 | BJ45: 0 | BK45: =H45 -> 0 | BL45: =SUMIF('September 2027'!$B:$B,'PTO SUMMARY 2027'!AU45,'September 2027'!$AK:$AK) -> 0 | BM45: =BH45+BK45-BL45 -> 0 | BN45: 0 | BO45: 0 | BP45: 0 | BQ45: 0 | BR45: 0 | BS45: =BQ45-BR45 -> 0 | BT45: =H45 -> 0 | BU45: =SUMIF('October 2027'!$B:$B,'PTO SUMMARY 2027'!BH45,'October 2027'!$AK:$AK) -> 0 | BV45: =BM45+BT45-BU45 -> 0 | BW45: 0 | BX45: 0 | BY45: =H45 -> 0 | BZ45: =SUMIF('November 2027'!$B:$B,'PTO SUMMARY 2027'!BM45,'November 2027'!$AK:$AK) -> 0 | CA45: =BV45+BY45-BZ45 -> 0 | CB45: 0 | CC45: 0 | CD45: =H45 -> 0 | CE45: =SUMIF('December 2027'!$B:$B,'PTO SUMMARY 2027'!$B:$B,'December 2027'!$AK:$AK) -> 0 | CF45: =CA45+CD45-CE45 -> 0 | CG45: 0 | CH45: 0 | CI45: 0 | CJ45: 0 | CK45: 0 | CL45: 0 | CM45: 0 | CN45: =CK45+CL45-CM45 -> 0
A46: Heffron, Ari | B46: A2GV | C46: MD | D46: Y | E46: OWM | F46: OCMD | G46: 1 | H46: 0 | I46: 0 | J46: 0 | K46: 0 | L46: 0 | M46: 0 | N46: =H46 -> 0 | O46: =SUMIF('January 2027'!$B:$B,'PTO SUMMARY 2027'!B46,'January 2027'!$AK:$AK) -> 0 | P46: =L46+M46+N46-O46 -> 0 | Q46: 0 | R46: 0 | S46: =H46 -> 0 | T46: =SUMIF('February 2027'!$B:$B,'PTO SUMMARY 2027'!G46,'February 2027'!$AK:$AK) -> 0 | U46: 0 | V46: =P46+S46-T46 -> 0 | W46: 0 | X46: 0 | Y46: =H46 -> 0 | Z46: =SUMIF('March 2027'!$B:$B,'PTO SUMMARY 2027'!M46,'March 2027'!$AK:$AK) -> 0 | AA46: =V46+Y46-Z46 -> 0 | AB46: 0 | AC46: 0 | AD46: 0 | AE46: =K46-AD46 -> 0 | AF46: 0 | AG46: =AE46-AF46 -> 0 | AH46: =H46 -> 0 | AI46: =SUMIF('April 2027'!$B:$B,'PTO SUMMARY 2027'!V46,'April 2027'!$AK:$AK) -> 0 | AJ46: =AA46+AH46-AI46 -> 0 | AK46: 0 | AL46: 0 | AM46: =H46 -> 0 | AN46: =SUMIF('May 2027'!$B:$B,'PTO SUMMARY 2027'!AA46,'May 2027'!$AK:$AK) -> 0 | AO46: =ROUND((AJ46+AM46-AN46),2) -> 0 | AP46: 0 | AQ46: 0 | AR46: =H46 -> 0 | AS46: =SUMIF('June 2027'!$B:$B,'PTO SUMMARY 2027'!AF46,'June 2027'!$AK:$AK) -> 0 | AT46: =AO46+AR46-AS46 -> 0 | AU46: 0 | AV46: 0 | AW46: 0 | AX46: 0 | AY46: 0 | AZ46: =AX46-AY46 -> 0 | BA46: =H46 -> 0 | BB46: =SUMIF('July 2027'!$B:$B,'PTO SUMMARY 2027'!AK46,'July 2027'!$AK:$AK) -> 0 | BC46: =AT46+BA46-BB46 -> 0 | BD46: 0 | BE46: 0 | BF46: =H46 -> 0 | BG46: =SUMIF('August 2027'!$B:$B,'PTO SUMMARY 2027'!AP46,'August 2027'!$AK:$AK) -> 0 | BH46: =BC46+BF46-BG46 -> 0 | BI46: 0 | BJ46: 0 | BK46: =H46 -> 0 | BL46: =SUMIF('September 2027'!$B:$B,'PTO SUMMARY 2027'!AU46,'September 2027'!$AK:$AK) -> 0 | BM46: =BH46+BK46-BL46 -> 0 | BN46: 0 | BO46: 0 | BP46: 0 | BQ46: 0 | BR46: 0 | BS46: =BQ46-BR46 -> 0 | BT46: =H46 -> 0 | BU46: =SUMIF('October 2027'!$B:$B,'PTO SUMMARY 2027'!BH46,'October 2027'!$AK:$AK) -> 0 | BV46: =BM46+BT46-BU46 -> 0 | BW46: 0 | BX46: 0 | BY46: =H46 -> 0 | BZ46: =SUMIF('November 2027'!$B:$B,'PTO SUMMARY 2027'!BM46,'November 2027'!$AK:$AK) -> 0 | CA46: =BV46+BY46-BZ46 -> 0 | CB46: 0 | CC46: 0 | CD46: =H46 -> 0 | CE46: =SUMIF('December 2027'!$B:$B,'PTO SUMMARY 2027'!$B:$B,'December 2027'!$AK:$AK) -> 0 | CF46: =CA46+CD46-CE46 -> 0 | CG46: 0 | CH46: 0 | CI46: 0 | CJ46: 0 | CK46: 0 | CL46: 0 | CM46: 0 | CN46: =CK46+CL46-CM46 -> 0
A47: Hernandez Lomeli, Jessica | B47: A2HG | C47: APC | E47: SMA | F47: BH | G47: 1 | H47: =((G47*86.67)*2)*(SUMIF('Accrual Rates'!B:B,'PTO SUMMARY 2027'!B47,'Accrual Rates'!G:G)) -> 13.333313 | I47: 0 | J47: 0 | K47: 0 | L47: 0 | M47: 0 | N47: =H47 -> 13.333313 | O47: =SUMIF('January 2027'!$B:$B,'PTO SUMMARY 2027'!B47,'January 2027'!$AK:$AK) -> 0 | P47: =L47+M47+N47-O47 -> 13.333313 | Q47: 0 | R47: 0 | S47: =H47 -> 13.333313 | T47: =SUMIF('February 2027'!$B:$B,'PTO SUMMARY 2027'!G47,'February 2027'!$AK:$AK) -> 0 | U47: 0 | V47: =P47+S47-T47 -> 26.666626 | W47: 0 | X47: 0 | Y47: =H47 -> 13.333313 | Z47: =SUMIF('March 2027'!$B:$B,'PTO SUMMARY 2027'!M47,'March 2027'!$AK:$AK) -> 0 | AA47: =V47+Y47-Z47 -> 39.999938 | AB47: 0 | AC47: 0 | AD47: 0 | AE47: =K47-AD47 -> 0 | AF47: 0 | AG47: =AE47-AF47 -> 0 | AH47: =H47 -> 13.333313 | AI47: =SUMIF('April 2027'!$B:$B,'PTO SUMMARY 2027'!V47,'April 2027'!$AK:$AK) -> 0 | AJ47: =AA47+AH47-AI47 -> 53.333251 | AK47: 0 | AL47: 0 | AM47: =H47 -> 13.333313 | AN47: =SUMIF('May 2027'!$B:$B,'PTO SUMMARY 2027'!AA47,'May 2027'!$AK:$AK) -> 0 | AO47: =ROUND((AJ47+AM47-AN47),2) -> 66.67 | AP47: 0 | AQ47: 0 | AR47: =H47 -> 13.333313 | AS47: =SUMIF('June 2027'!$B:$B,'PTO SUMMARY 2027'!AF47,'June 2027'!$AK:$AK) -> 0 | AT47: =AO47+AR47-AS47 -> 80.003313 | AU47: 0 | AV47: 0 | AW47: 0 | AX47: 0 | AY47: 0 | AZ47: =AX47-AY47 -> 0 | BA47: =H47 -> 13.333313 | BB47: =SUMIF('July 2027'!$B:$B,'PTO SUMMARY 2027'!AK47,'July 2027'!$AK:$AK) -> 0 | BC47: =AT47+BA47-BB47 -> 93.336626 | BD47: 0 | BE47: 0 | BF47: =H47 -> 13.333313 | BG47: =SUMIF('August 2027'!$B:$B,'PTO SUMMARY 2027'!AP47,'August 2027'!$AK:$AK) -> 0 | BH47: =BC47+BF47-BG47 -> 106.66994 | BI47: 0 | BJ47: 0 | BK47: =H47 -> 13.333313 | BL47: =SUMIF('September 2027'!$B:$B,'PTO SUMMARY 2027'!AU47,'September 2027'!$AK:$AK) -> 0 | BM47: =BH47+BK47-BL47 -> 120.00325 | BN47: 0 | BO47: 0 | BP47: 0 | BQ47: 0 | BR47: 0 | BS47: =BQ47-BR47 -> 0 | BT47: =H47 -> 13.333313 | BU47: =SUMIF('October 2027'!$B:$B,'PTO SUMMARY 2027'!BH47,'October 2027'!$AK:$AK) -> 0 | BV47: =BM47+BT47-BU47 -> 133.33656 | BW47: 0 | BX47: 0 | BY47: =H47 -> 13.333313 | BZ47: =SUMIF('November 2027'!$B:$B,'PTO SUMMARY 2027'!BM47,'November 2027'!$AK:$AK) -> 0 | CA47: =BV47+BY47-BZ47 -> 146.66988 | CB47: 0 | CC47: 0 | CD47: =H47 -> 13.333313 | CE47: =SUMIF('December 2027'!$B:$B,'PTO SUMMARY 2027'!$B:$B,'December 2027'!$AK:$AK) -> 0 | CF47: =CA47+CD47-CE47 -> 160.00319 | CG47: 0 | CH47: 0 | CI47: 0 | CJ47: 0 | CK47: 0 | CL47: 0 | CM47: 0 | CN47: =CK47+CL47-CM47 -> 0
A48: Hester, Naomi | B48: A3OE | C48: APC | E48: SMA | F48: NB | G48: 1 | H48: =((G48*86.67)*2)*(SUMIF('Accrual Rates'!B:B,'PTO SUMMARY 2027'!B48,'Accrual Rates'!G:G)) -> 13.333313 | I48: 0 | J48: 0 | K48: 0 | L48: 0 | M48: 0 | N48: =H48 -> 13.333313 | O48: =SUMIF('January 2027'!$B:$B,'PTO SUMMARY 2027'!B48,'January 2027'!$AK:$AK) -> 0 | P48: =L48+M48+N48-O48 -> 13.333313 | Q48: 0 | R48: 0 | S48: =H48 -> 13.333313 | T48: =SUMIF('February 2027'!$B:$B,'PTO SUMMARY 2027'!G48,'February 2027'!$AK:$AK) -> 0 | U48: 0 | V48: =P48+S48-T48 -> 26.666626 | W48: 0 | X48: 0 | Y48: =H48 -> 13.333313 | Z48: =SUMIF('March 2027'!$B:$B,'PTO SUMMARY 2027'!M48,'March 2027'!$AK:$AK) -> 0 | AA48: =V48+Y48-Z48 -> 39.999938 | AB48: 0 | AC48: 0 | AD48: 0 | AE48: =K48-AD48 -> 0 | AF48: 0 | AG48: =AE48-AF48 -> 0 | AH48: =H48 -> 13.333313 | AI48: =SUMIF('April 2027'!$B:$B,'PTO SUMMARY 2027'!V48,'April 2027'!$AK:$AK) -> 0 | AJ48: =AA48+AH48-AI48 -> 53.333251 | AK48: 0 | AL48: 0 | AM48: =H48 -> 13.333313 | AN48: =SUMIF('May 2027'!$B:$B,'PTO SUMMARY 2027'!AA48,'May 2027'!$AK:$AK) -> 0 | AO48: =ROUND((AJ48+AM48-AN48),2) -> 66.67 | AP48: 0 | AQ48: 0 | AR48: =H48 -> 13.333313 | AS48: =SUMIF('June 2027'!$B:$B,'PTO SUMMARY 2027'!AF48,'June 2027'!$AK:$AK) -> 0 | AT48: =AO48+AR48-AS48 -> 80.003313 | AU48: 0 | AV48: 0 | AW48: 0 | AX48: 0 | AY48: 0 | AZ48: =AX48-AY48 -> 0 | BA48: =H48 -> 13.333313 | BB48: =SUMIF('July 2027'!$B:$B,'PTO SUMMARY 2027'!AK48,'July 2027'!$AK:$AK) -> 0 | BC48: =AT48+BA48-BB48 -> 93.336626 | BD48: 0 | BE48: 0 | BF48: =H48 -> 13.333313 | BG48: =SUMIF('August 2027'!$B:$B,'PTO SUMMARY 2027'!AP48,'August 2027'!$AK:$AK) -> 0 | BH48: =BC48+BF48-BG48 -> 106.66994 | BI48: 0 | BJ48: 0 | BK48: =H48 -> 13.333313 | BL48: =SUMIF('September 2027'!$B:$B,'PTO SUMMARY 2027'!AU48,'September 2027'!$AK:$AK) -> 0 | BM48: =BH48+BK48-BL48 -> 120.00325 | BN48: 0 | BO48: 0 | BP48: 0 | BQ48: 0 | BR48: 0 | BS48: =BQ48-BR48 -> 0 | BT48: =H48 -> 13.333313 | BU48: =SUMIF('October 2027'!$B:$B,'PTO SUMMARY 2027'!BH48,'October 2027'!$AK:$AK) -> 0 | BV48: =BM48+BT48-BU48 -> 133.33656 | BW48: 0 | BX48: 0 | BY48: =H48 -> 13.333313 | BZ48: =SUMIF('November 2027'!$B:$B,'PTO SUMMARY 2027'!BM48,'November 2027'!$AK:$AK) -> 0 | CA48: =BV48+BY48-BZ48 -> 146.66988 | CB48: 0 | CC48: 0 | CD48: =H48 -> 13.333313 | CE48: =SUMIF('December 2027'!$B:$B,'PTO SUMMARY 2027'!$B:$B,'December 2027'!$AK:$AK) -> 0 | CF48: =CA48+CD48-CE48 -> 160.00319 | CG48: 0 | CH48: 0 | CI48: 0 | CJ48: 0 | CK48: 0 | CL48: 0 | CM48: 0 | CN48: =CK48+CL48-CM48 -> 0
A49: Himel, Katie | B49: A2HV | C49: APC | D49: Y | E49: OWA | F49: OCmid | G49: 0.8 | H49: 0 | I49: 0 | J49: 0 | K49: 0 | L49: 0 | M49: 0 | N49: =H49 -> 0 | O49: =SUMIF('January 2027'!$B:$B,'PTO SUMMARY 2027'!B49,'January 2027'!$AK:$AK) -> 0 | P49: =L49+M49+N49-O49 -> 0 | Q49: 0 | R49: 0 | S49: =H49 -> 0 | T49: =SUMIF('February 2027'!$B:$B,'PTO SUMMARY 2027'!G49,'February 2027'!$AK:$AK) -> 0 | U49: 0 | V49: =P49+S49-T49 -> 0 | W49: 0 | X49: 0 | Y49: =H49 -> 0 | Z49: =SUMIF('March 2027'!$B:$B,'PTO SUMMARY 2027'!M49,'March 2027'!$AK:$AK) -> 0 | AA49: =V49+Y49-Z49 -> 0 | AB49: 0 | AC49: 0 | AD49: 0 | AE49: =K49-AD49 -> 0 | AF49: 0 | AG49: =AE49-AF49 -> 0 | AH49: =H49 -> 0 | AI49: =SUMIF('April 2027'!$B:$B,'PTO SUMMARY 2027'!V49,'April 2027'!$AK:$AK) -> 0 | AJ49: =AA49+AH49-AI49 -> 0 | AK49: 0 | AL49: 0 | AM49: =H49 -> 0 | AN49: =SUMIF('May 2027'!$B:$B,'PTO SUMMARY 2027'!AA49,'May 2027'!$AK:$AK) -> 0 | AO49: =ROUND((AJ49+AM49-AN49),2) -> 0 | AP49: 0 | AQ49: 0 | AR49: =H49 -> 0 | AS49: =SUMIF('June 2027'!$B:$B,'PTO SUMMARY 2027'!AF49,'June 2027'!$AK:$AK) -> 0 | AT49: =AO49+AR49-AS49 -> 0 | AU49: 0 | AV49: 0 | AW49: 0 | AX49: 0 | AY49: 0 | AZ49: =AX49-AY49 -> 0 | BA49: =H49 -> 0 | BB49: =SUMIF('July 2027'!$B:$B,'PTO SUMMARY 2027'!AK49,'July 2027'!$AK:$AK) -> 0 | BC49: =AT49+BA49-BB49 -> 0 | BD49: 0 | BE49: 0 | BF49: =H49 -> 0 | BG49: =SUMIF('August 2027'!$B:$B,'PTO SUMMARY 2027'!AP49,'August 2027'!$AK:$AK) -> 0 | BH49: =BC49+BF49-BG49 -> 0 | BI49: 0 | BJ49: 0 | BK49: =H49 -> 0 | BL49: =SUMIF('September 2027'!$B:$B,'PTO SUMMARY 2027'!AU49,'September 2027'!$AK:$AK) -> 0 | BM49: =BH49+BK49-BL49 -> 0 | BN49: 0 | BO49: 0 | BP49: 0 | BQ49: 0 | BR49: 0 | BS49: =BQ49-BR49 -> 0 | BT49: =H49 -> 0 | BU49: =SUMIF('October 2027'!$B:$B,'PTO SUMMARY 2027'!BH49,'October 2027'!$AK:$AK) -> 0 | BV49: =BM49+BT49-BU49 -> 0 | BW49: 0 | BX49: 0 | BY49: =H49 -> 0 | BZ49: =SUMIF('November 2027'!$B:$B,'PTO SUMMARY 2027'!BM49,'November 2027'!$AK:$AK) -> 0 | CA49: =BV49+BY49-BZ49 -> 0 | CB49: 0 | CC49: 0 | CD49: =H49 -> 0 | CE49: =SUMIF('December 2027'!$B:$B,'PTO SUMMARY 2027'!$B:$B,'December 2027'!$AK:$AK) -> 0 | CF49: =CA49+CD49-CE49 -> 0 | CG49: 0 | CH49: 0 | CI49: 0 | CJ49: 0 | CK49: 0 | CL49: 0 | CM49: 0 | CN49: =CK49+CL49-CM49 -> 0
A50: Huggins, Rebecca | B50: A2JE | C50: APC | D50: Y | E50: OWA | F50: NB | G50: 1 | H50: 0 | I50: 0 | J50: 0 | K50: 0 | L50: 0 | M50: 0 | N50: =H50 -> 0 | O50: =SUMIF('January 2027'!$B:$B,'PTO SUMMARY 2027'!B50,'January 2027'!$AK:$AK) -> 0 | P50: =L50+M50+N50-O50 -> 0 | Q50: 0 | R50: 0 | S50: =H50 -> 0 | T50: =SUMIF('February 2027'!$B:$B,'PTO SUMMARY 2027'!G50,'February 2027'!$AK:$AK) -> 0 | U50: 0 | V50: =P50+S50-T50 -> 0 | W50: 0 | X50: 0 | Y50: =H50 -> 0 | Z50: =SUMIF('March 2027'!$B:$B,'PTO SUMMARY 2027'!M50,'March 2027'!$AK:$AK) -> 0 | AA50: =V50+Y50-Z50 -> 0 | AB50: 0 | AC50: 0 | AD50: 0 | AE50: =K50-AD50 -> 0 | AF50: 0 | AG50: =AE50-AF50 -> 0 | AH50: =H50 -> 0 | AI50: =SUMIF('April 2027'!$B:$B,'PTO SUMMARY 2027'!V50,'April 2027'!$AK:$AK) -> 0 | AJ50: =AA50+AH50-AI50 -> 0 | AK50: 0 | AL50: 0 | AM50: =H50 -> 0 | AN50: =SUMIF('May 2027'!$B:$B,'PTO SUMMARY 2027'!AA50,'May 2027'!$AK:$AK) -> 0 | AO50: =ROUND((AJ50+AM50-AN50),2) -> 0 | AP50: 0 | AQ50: 0 | AR50: =H50 -> 0 | AS50: =SUMIF('June 2027'!$B:$B,'PTO SUMMARY 2027'!AF50,'June 2027'!$AK:$AK) -> 0 | AT50: =AO50+AR50-AS50 -> 0 | AU50: 0 | AV50: 0 | AW50: 0 | AX50: 0 | AY50: 0 | AZ50: =AX50-AY50 -> 0 | BA50: =H50 -> 0 | BB50: =SUMIF('July 2027'!$B:$B,'PTO SUMMARY 2027'!AK50,'July 2027'!$AK:$AK) -> 0 | BC50: =AT50+BA50-BB50 -> 0 | BD50: 0 | BE50: 0 | BF50: =H50 -> 0 | BG50: =SUMIF('August 2027'!$B:$B,'PTO SUMMARY 2027'!AP50,'August 2027'!$AK:$AK) -> 0 | BH50: =BC50+BF50-BG50 -> 0 | BI50: 0 | BJ50: 0 | BK50: =H50 -> 0 | BL50: =SUMIF('September 2027'!$B:$B,'PTO SUMMARY 2027'!AU50,'September 2027'!$AK:$AK) -> 0 | BM50: =BH50+BK50-BL50 -> 0 | BN50: 0 | BO50: 0 | BP50: 0 | BQ50: 0 | BR50: 0 | BS50: =BQ50-BR50 -> 0 | BT50: =H50 -> 0 | BU50: =SUMIF('October 2027'!$B:$B,'PTO SUMMARY 2027'!BH50,'October 2027'!$AK:$AK) -> 0 | BV50: =BM50+BT50-BU50 -> 0 | BW50: 0 | BX50: 0 | BY50: =H50 -> 0 | BZ50: =SUMIF('November 2027'!$B:$B,'PTO SUMMARY 2027'!BM50,'November 2027'!$AK:$AK) -> 0 | CA50: =BV50+BY50-BZ50 -> 0 | CB50: 0 | CC50: 0 | CD50: =H50 -> 0 | CE50: =SUMIF('December 2027'!$B:$B,'PTO SUMMARY 2027'!$B:$B,'December 2027'!$AK:$AK) -> 0 | CF50: =CA50+CD50-CE50 -> 0 | CG50: 0 | CH50: 0 | CI50: 0 | CJ50: 0 | CK50: 0 | CL50: 0 | CM50: 0 | CN50: =CK50+CL50-CM50 -> 0
A51: Hull, Megan | B51: A2JH | C51: APC | D51: Y | E51: OWA | F51: PKMD | G51: 1 | H51: 0 | I51: 0 | J51: 0 | K51: 0 | L51: 0 | M51: 0 | N51: =H51 -> 0 | O51: =SUMIF('January 2027'!$B:$B,'PTO SUMMARY 2027'!B51,'January 2027'!$AK:$AK) -> 0 | P51: =L51+M51+N51-O51 -> 0 | Q51: 0 | R51: 0 | S51: =H51 -> 0 | T51: =SUMIF('February 2027'!$B:$B,'PTO SUMMARY 2027'!G51,'February 2027'!$AK:$AK) -> 0 | U51: 0 | V51: =P51+S51-T51 -> 0 | W51: 0 | X51: 0 | Y51: =H51 -> 0 | Z51: =SUMIF('March 2027'!$B:$B,'PTO SUMMARY 2027'!M51,'March 2027'!$AK:$AK) -> 0 | AA51: =V51+Y51-Z51 -> 0 | AB51: 0 | AC51: 0 | AD51: 0 | AE51: =K51-AD51 -> 0 | AF51: 0 | AG51: =AE51-AF51 -> 0 | AH51: =H51 -> 0 | AI51: =SUMIF('April 2027'!$B:$B,'PTO SUMMARY 2027'!V51,'April 2027'!$AK:$AK) -> 0 | AJ51: =AA51+AH51-AI51 -> 0 | AK51: 0 | AL51: 0 | AM51: =H51 -> 0 | AN51: =SUMIF('May 2027'!$B:$B,'PTO SUMMARY 2027'!AA51,'May 2027'!$AK:$AK) -> 0 | AO51: =ROUND((AJ51+AM51-AN51),2) -> 0 | AP51: 0 | AQ51: 0 | AR51: =H51 -> 0 | AS51: =SUMIF('June 2027'!$B:$B,'PTO SUMMARY 2027'!AF51,'June 2027'!$AK:$AK) -> 0 | AT51: =AO51+AR51-AS51 -> 0 | AU51: 0 | AV51: 0 | AW51: 0 | AX51: 0 | AY51: 0 | AZ51: =AX51-AY51 -> 0 | BA51: =H51 -> 0 | BB51: =SUMIF('July 2027'!$B:$B,'PTO SUMMARY 2027'!AK51,'July 2027'!$AK:$AK) -> 0 | BC51: =AT51+BA51-BB51 -> 0 | BD51: 0 | BE51: 0 | BF51: =H51 -> 0 | BG51: =SUMIF('August 2027'!$B:$B,'PTO SUMMARY 2027'!AP51,'August 2027'!$AK:$AK) -> 0 | BH51: =BC51+BF51-BG51 -> 0 | BI51: 0 | BJ51: 0 | BK51: =H51 -> 0 | BL51: =SUMIF('September 2027'!$B:$B,'PTO SUMMARY 2027'!AU51,'September 2027'!$AK:$AK) -> 0 | BM51: =BH51+BK51-BL51 -> 0 | BN51: 0 | BO51: 0 | BP51: 0 | BQ51: 0 | BR51: 0 | BS51: =BQ51-BR51 -> 0 | BT51: =H51 -> 0 | BU51: =SUMIF('October 2027'!$B:$B,'PTO SUMMARY 2027'!BH51,'October 2027'!$AK:$AK) -> 0 | BV51: =BM51+BT51-BU51 -> 0 | BW51: 0 | BX51: 0 | BY51: =H51 -> 0 | BZ51: =SUMIF('November 2027'!$B:$B,'PTO SUMMARY 2027'!BM51,'November 2027'!$AK:$AK) -> 0 | CA51: =BV51+BY51-BZ51 -> 0 | CB51: 0 | CC51: 0 | CD51: =H51 -> 0 | CE51: =SUMIF('December 2027'!$B:$B,'PTO SUMMARY 2027'!$B:$B,'December 2027'!$AK:$AK) -> 0 | CF51: =CA51+CD51-CE51 -> 0 | CG51: 0 | CH51: 0 | CI51: 0 | CJ51: 0 | CK51: 0 | CL51: 0 | CM51: 0 | CN51: =CK51+CL51-CM51 -> 0
A52: Jackson, April | B52: A3RY | C52: APC | E52: SMA | F52: BH | G52: 1 | H52: =((G52*86.67)*2)*(SUMIF('Accrual Rates'!B:B,'PTO SUMMARY 2027'!B52,'Accrual Rates'!G:G)) -> 13.333313 | I52: 0 | J52: 0 | K52: 0 | L52: 0 | M52: 0 | N52: =H52 -> 13.333313 | O52: =SUMIF('January 2027'!$B:$B,'PTO SUMMARY 2027'!B52,'January 2027'!$AK:$AK) -> 0 | P52: =L52+M52+N52-O52 -> 13.333313 | Q52: 0 | R52: 0 | S52: =H52 -> 13.333313 | T52: =SUMIF('February 2027'!$B:$B,'PTO SUMMARY 2027'!G52,'February 2027'!$AK:$AK) -> 0 | U52: 0 | V52: =P52+S52-T52 -> 26.666626 | W52: 0 | X52: 0 | Y52: =H52 -> 13.333313 | Z52: =SUMIF('March 2027'!$B:$B,'PTO SUMMARY 2027'!M52,'March 2027'!$AK:$AK) -> 0 | AA52: =V52+Y52-Z52 -> 39.999938 | AB52: 0 | AC52: 0 | AD52: 0 | AE52: =K52-AD52 -> 0 | AF52: 0 | AG52: =AE52-AF52 -> 0 | AH52: =H52 -> 13.333313 | AI52: =SUMIF('April 2027'!$B:$B,'PTO SUMMARY 2027'!V52,'April 2027'!$AK:$AK) -> 0 | AJ52: =AA52+AH52-AI52 -> 53.333251 | AK52: 0 | AL52: 0 | AM52: =H52 -> 13.333313 | AN52: =SUMIF('May 2027'!$B:$B,'PTO SUMMARY 2027'!AA52,'May 2027'!$AK:$AK) -> 0 | AO52: =ROUND((AJ52+AM52-AN52),2) -> 66.67 | AP52: 0 | AQ52: 0 | AR52: =H52 -> 13.333313 | AS52: =SUMIF('June 2027'!$B:$B,'PTO SUMMARY 2027'!AF52,'June 2027'!$AK:$AK) -> 0 | AT52: =AO52+AR52-AS52 -> 80.003313 | AU52: 0 | AV52: 0 | AW52: 0 | AX52: 0 | AY52: 0 | AZ52: =AX52-AY52 -> 0 | BA52: =H52 -> 13.333313 | BB52: =SUMIF('July 2027'!$B:$B,'PTO SUMMARY 2027'!AK52,'July 2027'!$AK:$AK) -> 0 | BC52: =AT52+BA52-BB52 -> 93.336626 | BD52: 0 | BE52: 0 | BF52: =H52 -> 13.333313 | BG52: =SUMIF('August 2027'!$B:$B,'PTO SUMMARY 2027'!AP52,'August 2027'!$AK:$AK) -> 0 | BH52: =BC52+BF52-BG52 -> 106.66994 | BI52: 0 | BJ52: 0 | BK52: =H52 -> 13.333313 | BL52: =SUMIF('September 2027'!$B:$B,'PTO SUMMARY 2027'!AU52,'September 2027'!$AK:$AK) -> 0 | BM52: =BH52+BK52-BL52 -> 120.00325 | BN52: 0 | BO52: 0 | BP52: 0 | BQ52: 0 | BR52: 0 | BS52: =BQ52-BR52 -> 0 | BT52: =H52 -> 13.333313 | BU52: =SUMIF('October 2027'!$B:$B,'PTO SUMMARY 2027'!BH52,'October 2027'!$AK:$AK) -> 0 | BV52: =BM52+BT52-BU52 -> 133.33656 | BW52: 0 | BX52: 0 | BY52: =H52 -> 13.333313 | BZ52: =SUMIF('November 2027'!$B:$B,'PTO SUMMARY 2027'!BM52,'November 2027'!$AK:$AK) -> 0 | CA52: =BV52+BY52-BZ52 -> 146.66988 | CB52: 0 | CC52: 0 | CD52: =H52 -> 13.333313 | CE52: =SUMIF('December 2027'!$B:$B,'PTO SUMMARY 2027'!$B:$B,'December 2027'!$AK:$AK) -> 0 | CF52: =CA52+CD52-CE52 -> 160.00319 | CG52: 0 | CH52: 0 | CI52: 0 | CJ52: 0 | CK52: 0 | CL52: 0 | CM52: 0 | CN52: =CK52+CL52-CM52 -> 0
A53: Jeffery, Avery | B53: A3OV | C53: MD | E53: SAM | F53: TN | G53: 1 | H53: =((G53*86.67)*2)*(SUMIF('Accrual Rates'!B:B,'PTO SUMMARY 2027'!B53,'Accrual Rates'!G:G)) -> 13.333313 | I53: 0 | J53: 0 | K53: 0 | L53: 0 | M53: 0 | N53: =H53 -> 13.333313 | O53: =SUMIF('January 2027'!$B:$B,'PTO SUMMARY 2027'!B53,'January 2027'!$AK:$AK) -> 8 | P53: =L53+M53+N53-O53 -> 5.3333128 | Q53: 0 | R53: 0 | S53: =H53 -> 13.333313 | T53: =SUMIF('February 2027'!$B:$B,'PTO SUMMARY 2027'!G53,'February 2027'!$AK:$AK) -> 0 | U53: 0 | V53: =P53+S53-T53 -> 18.666626 | W53: 0 | X53: 0 | Y53: =H53 -> 13.333313 | Z53: =SUMIF('March 2027'!$B:$B,'PTO SUMMARY 2027'!M53,'March 2027'!$AK:$AK) -> 0 | AA53: =V53+Y53-Z53 -> 31.999938 | AB53: 0 | AC53: 0 | AD53: 0 | AE53: =K53-AD53 -> 0 | AF53: 0 | AG53: =AE53-AF53 -> 0 | AH53: =H53 -> 13.333313 | AI53: =SUMIF('April 2027'!$B:$B,'PTO SUMMARY 2027'!V53,'April 2027'!$AK:$AK) -> 0 | AJ53: =AA53+AH53-AI53 -> 45.333251 | AK53: 0 | AL53: 0 | AM53: =H53 -> 13.333313 | AN53: =SUMIF('May 2027'!$B:$B,'PTO SUMMARY 2027'!AA53,'May 2027'!$AK:$AK) -> 0 | AO53: =ROUND((AJ53+AM53-AN53),2) -> 58.67 | AP53: 0 | AQ53: 0 | AR53: =H53 -> 13.333313 | AS53: =SUMIF('June 2027'!$B:$B,'PTO SUMMARY 2027'!AF53,'June 2027'!$AK:$AK) -> 0 | AT53: =AO53+AR53-AS53 -> 72.003313 | AU53: 0 | AV53: 0 | AW53: 0 | AX53: 0 | AY53: 0 | AZ53: =AX53-AY53 -> 0 | BA53: =H53 -> 13.333313 | BB53: =SUMIF('July 2027'!$B:$B,'PTO SUMMARY 2027'!AK53,'July 2027'!$AK:$AK) -> 0 | BC53: =AT53+BA53-BB53 -> 85.336626 | BD53: 0 | BE53: 0 | BF53: =H53 -> 13.333313 | BG53: =SUMIF('August 2027'!$B:$B,'PTO SUMMARY 2027'!AP53,'August 2027'!$AK:$AK) -> 0 | BH53: =BC53+BF53-BG53 -> 98.669938 | BI53: 0 | BJ53: 0 | BK53: =H53 -> 13.333313 | BL53: =SUMIF('September 2027'!$B:$B,'PTO SUMMARY 2027'!AU53,'September 2027'!$AK:$AK) -> 0 | BM53: =BH53+BK53-BL53 -> 112.00325 | BN53: 0 | BO53: 0 | BP53: 0 | BQ53: 0 | BR53: 0 | BS53: =BQ53-BR53 -> 0 | BT53: =H53 -> 13.333313 | BU53: =SUMIF('October 2027'!$B:$B,'PTO SUMMARY 2027'!BH53,'October 2027'!$AK:$AK) -> 0 | BV53: =BM53+BT53-BU53 -> 125.33656 | BW53: 0 | BX53: 0 | BY53: =H53 -> 13.333313 | BZ53: =SUMIF('November 2027'!$B:$B,'PTO SUMMARY 2027'!BM53,'November 2027'!$AK:$AK) -> 0 | CA53: =BV53+BY53-BZ53 -> 138.66988 | CB53: 0 | CC53: 0 | CD53: =H53 -> 13.333313 | CE53: =SUMIF('December 2027'!$B:$B,'PTO SUMMARY 2027'!$B:$B,'December 2027'!$AK:$AK) -> 0 | CF53: =CA53+CD53-CE53 -> 152.00319 | CG53: 0 | CH53: 0 | CI53: 0 | CJ53: 0 | CK53: 0 | CL53: 0 | CM53: 0 | CN53: =CK53+CL53-CM53 -> 0
A54: Johnson, Ben | B54: A2L1 | C54: MD | D54: Y | E54: PTT | F54: PKMD | G54: 1 | H54: 0 | I54: 0 | J54: 0 | K54: 0 | L54: 0 | M54: 0 | N54: =H54 -> 0 | O54: =SUMIF('January 2027'!$B:$B,'PTO SUMMARY 2027'!B54,'January 2027'!$AK:$AK) -> 0 | P54: =L54+M54+N54-O54 -> 0 | Q54: 0 | R54: 0 | S54: =H54 -> 0 | T54: =SUMIF('February 2027'!$B:$B,'PTO SUMMARY 2027'!G54,'February 2027'!$AK:$AK) -> 0 | U54: 0 | V54: =P54+S54-T54 -> 0 | W54: 0 | X54: 0 | Y54: =H54 -> 0 | Z54: =SUMIF('March 2027'!$B:$B,'PTO SUMMARY 2027'!M54,'March 2027'!$AK:$AK) -> 0 | AA54: =V54+Y54-Z54 -> 0 | AB54: 0 | AC54: 0 | AD54: 0 | AE54: =K54-AD54 -> 0 | AF54: 0 | AG54: =AE54-AF54 -> 0 | AH54: =H54 -> 0 | AI54: =SUMIF('April 2027'!$B:$B,'PTO SUMMARY 2027'!V54,'April 2027'!$AK:$AK) -> 0 | AJ54: =AA54+AH54-AI54 -> 0 | AK54: 0 | AL54: 0 | AM54: =H54 -> 0 | AN54: =SUMIF('May 2027'!$B:$B,'PTO SUMMARY 2027'!AA54,'May 2027'!$AK:$AK) -> 0 | AO54: =ROUND((AJ54+AM54-AN54),2) -> 0 | AP54: 0 | AQ54: 0 | AR54: =H54 -> 0 | AS54: =SUMIF('June 2027'!$B:$B,'PTO SUMMARY 2027'!AF54,'June 2027'!$AK:$AK) -> 0 | AT54: =AO54+AR54-AS54 -> 0 | AU54: 0 | AV54: 0 | AW54: 0 | AX54: 0 | AY54: 0 | AZ54: =AX54-AY54 -> 0 | BA54: =H54 -> 0 | BB54: =SUMIF('July 2027'!$B:$B,'PTO SUMMARY 2027'!AK54,'July 2027'!$AK:$AK) -> 0 | BC54: =AT54+BA54-BB54 -> 0 | BD54: 0 | BE54: 0 | BF54: =H54 -> 0 | BG54: =SUMIF('August 2027'!$B:$B,'PTO SUMMARY 2027'!AP54,'August 2027'!$AK:$AK) -> 0 | BH54: =BC54+BF54-BG54 -> 0 | BI54: 0 | BJ54: 0 | BK54: =H54 -> 0 | BL54: =SUMIF('September 2027'!$B:$B,'PTO SUMMARY 2027'!AU54,'September 2027'!$AK:$AK) -> 0 | BM54: =BH54+BK54-BL54 -> 0 | BN54: 0 | BO54: 0 | BP54: 0 | BQ54: 0 | BR54: 0 | BS54: =BQ54-BR54 -> 0 | BT54: =H54 -> 0 | BU54: =SUMIF('October 2027'!$B:$B,'PTO SUMMARY 2027'!BH54,'October 2027'!$AK:$AK) -> 0 | BV54: =BM54+BT54-BU54 -> 0 | BW54: 0 | BX54: 0 | BY54: =H54 -> 0 | BZ54: =SUMIF('November 2027'!$B:$B,'PTO SUMMARY 2027'!BM54,'November 2027'!$AK:$AK) -> 0 | CA54: =BV54+BY54-BZ54 -> 0 | CB54: 0 | CC54: 0 | CD54: =H54 -> 0 | CE54: =SUMIF('December 2027'!$B:$B,'PTO SUMMARY 2027'!$B:$B,'December 2027'!$AK:$AK) -> 0 | CF54: =CA54+CD54-CE54 -> 0 | CG54: 0 | CH54: 0 | CI54: 0 | CJ54: 0 | CK54: 0 | CL54: 0 | CM54: 0 | CN54: =CK54+CL54-CM54 -> 0
A55: Johnson, Jenna | B55: A3OQ | C55: APC | E55: SMA | F55: BH | G55: 0.8 | H55: =((G55*86.67)*2)*(SUMIF('Accrual Rates'!B:B,'PTO SUMMARY 2027'!B55,'Accrual Rates'!G:G)) -> 10.66665 | I55: 0 | J55: 0 | K55: 0 | L55: 0 | M55: 0 | N55: =H55 -> 10.66665 | O55: =SUMIF('January 2027'!$B:$B,'PTO SUMMARY 2027'!B55,'January 2027'!$AK:$AK) -> 0 | P55: =L55+M55+N55-O55 -> 10.66665 | Q55: 0 | R55: 0 | S55: =H55 -> 10.66665 | T55: =SUMIF('February 2027'!$B:$B,'PTO SUMMARY 2027'!G55,'February 2027'!$AK:$AK) -> 0 | U55: 0 | V55: =P55+S55-T55 -> 21.3333 | W55: 0 | X55: 0 | Y55: =H55 -> 10.66665 | Z55: =SUMIF('March 2027'!$B:$B,'PTO SUMMARY 2027'!M55,'March 2027'!$AK:$AK) -> 0 | AA55: =V55+Y55-Z55 -> 31.999951 | AB55: 0 | AC55: 0 | AD55: 0 | AE55: =K55-AD55 -> 0 | AF55: 0 | AG55: =AE55-AF55 -> 0 | AH55: =H55 -> 10.66665 | AI55: =SUMIF('April 2027'!$B:$B,'PTO SUMMARY 2027'!V55,'April 2027'!$AK:$AK) -> 0 | AJ55: =AA55+AH55-AI55 -> 42.666601 | AK55: 0 | AL55: 0 | AM55: =H55 -> 10.66665 | AN55: =SUMIF('May 2027'!$B:$B,'PTO SUMMARY 2027'!AA55,'May 2027'!$AK:$AK) -> 0 | AO55: =ROUND((AJ55+AM55-AN55),2) -> 53.33 | AP55: 0 | AQ55: 0 | AR55: =H55 -> 10.66665 | AS55: =SUMIF('June 2027'!$B:$B,'PTO SUMMARY 2027'!AF55,'June 2027'!$AK:$AK) -> 0 | AT55: =AO55+AR55-AS55 -> 63.99665 | AU55: 0 | AV55: 0 | AW55: 0 | AX55: 0 | AY55: 0 | AZ55: =AX55-AY55 -> 0 | BA55: =H55 -> 10.66665 | BB55: =SUMIF('July 2027'!$B:$B,'PTO SUMMARY 2027'!AK55,'July 2027'!$AK:$AK) -> 0 | BC55: =AT55+BA55-BB55 -> 74.6633 | BD55: 0 | BE55: 0 | BF55: =H55 -> 10.66665 | BG55: =SUMIF('August 2027'!$B:$B,'PTO SUMMARY 2027'!AP55,'August 2027'!$AK:$AK) -> 0 | BH55: =BC55+BF55-BG55 -> 85.329951 | BI55: 0 | BJ55: 0 | BK55: =H55 -> 10.66665 | BL55: =SUMIF('September 2027'!$B:$B,'PTO SUMMARY 2027'!AU55,'September 2027'!$AK:$AK) -> 0 | BM55: =BH55+BK55-BL55 -> 95.996601 | BN55: 0 | BO55: 0 | BP55: 0 | BQ55: 0 | BR55: 0 | BS55: =BQ55-BR55 -> 0 | BT55: =H55 -> 10.66665 | BU55: =SUMIF('October 2027'!$B:$B,'PTO SUMMARY 2027'!BH55,'October 2027'!$AK:$AK) -> 0 | BV55: =BM55+BT55-BU55 -> 106.66325 | BW55: 0 | BX55: 0 | BY55: =H55 -> 10.66665 | BZ55: =SUMIF('November 2027'!$B:$B,'PTO SUMMARY 2027'!BM55,'November 2027'!$AK:$AK) -> 0 | CA55: =BV55+BY55-BZ55 -> 117.3299 | CB55: 0 | CC55: 0 | CD55: =H55 -> 10.66665 | CE55: =SUMIF('December 2027'!$B:$B,'PTO SUMMARY 2027'!$B:$B,'December 2027'!$AK:$AK) -> 0 | CF55: =CA55+CD55-CE55 -> 127.99655 | CG55: 0 | CH55: 0 | CI55: 0 | CJ55: 0 | CK55: 0 | CL55: 0 | CM55: 0 | CN55: =CK55+CL55-CM55 -> 0
A56: Johnson, Lisa | B56: A2LA | C56: MD | D56: Y | E56: OWM | F56: TA | G56: 1 | H56: 0 | I56: 0 | J56: 0 | K56: 0 | L56: 0 | M56: 0 | N56: =H56 -> 0 | O56: =SUMIF('January 2027'!$B:$B,'PTO SUMMARY 2027'!B56,'January 2027'!$AK:$AK) -> 0 | P56: =L56+M56+N56-O56 -> 0 | Q56: 0 | R56: 0 | S56: =H56 -> 0 | T56: =SUMIF('February 2027'!$B:$B,'PTO SUMMARY 2027'!G56,'February 2027'!$AK:$AK) -> 0 | U56: 0 | V56: =P56+S56-T56 -> 0 | W56: 0 | X56: 0 | Y56: =H56 -> 0 | Z56: =SUMIF('March 2027'!$B:$B,'PTO SUMMARY 2027'!M56,'March 2027'!$AK:$AK) -> 0 | AA56: =V56+Y56-Z56 -> 0 | AB56: 0 | AC56: 0 | AD56: 0 | AE56: =K56-AD56 -> 0 | AF56: 0 | AG56: =AE56-AF56 -> 0 | AH56: =H56 -> 0 | AI56: =SUMIF('April 2027'!$B:$B,'PTO SUMMARY 2027'!V56,'April 2027'!$AK:$AK) -> 0 | AJ56: =AA56+AH56-AI56 -> 0 | AK56: 0 | AL56: 0 | AM56: =H56 -> 0 | AN56: =SUMIF('May 2027'!$B:$B,'PTO SUMMARY 2027'!AA56,'May 2027'!$AK:$AK) -> 0 | AO56: =ROUND((AJ56+AM56-AN56),2) -> 0 | AP56: 0 | AQ56: 0 | AR56: =H56 -> 0 | AS56: =SUMIF('June 2027'!$B:$B,'PTO SUMMARY 2027'!AF56,'June 2027'!$AK:$AK) -> 0 | AT56: =AO56+AR56-AS56 -> 0 | AU56: 0 | AV56: 0 | AW56: 0 | AX56: 0 | AY56: 0 | AZ56: =AX56-AY56 -> 0 | BA56: =H56 -> 0 | BB56: =SUMIF('July 2027'!$B:$B,'PTO SUMMARY 2027'!AK56,'July 2027'!$AK:$AK) -> 0 | BC56: =AT56+BA56-BB56 -> 0 | BD56: 0 | BE56: 0 | BF56: =H56 -> 0 | BG56: =SUMIF('August 2027'!$B:$B,'PTO SUMMARY 2027'!AP56,'August 2027'!$AK:$AK) -> 0 | BH56: =BC56+BF56-BG56 -> 0 | BI56: 0 | BJ56: 0 | BK56: =H56 -> 0 | BL56: =SUMIF('September 2027'!$B:$B,'PTO SUMMARY 2027'!AU56,'September 2027'!$AK:$AK) -> 0 | BM56: =BH56+BK56-BL56 -> 0 | BN56: 0 | BO56: 0 | BP56: 0 | BQ56: 0 | BR56: 0 | BS56: =BQ56-BR56 -> 0 | BT56: =H56 -> 0 | BU56: =SUMIF('October 2027'!$B:$B,'PTO SUMMARY 2027'!BH56,'October 2027'!$AK:$AK) -> 0 | BV56: =BM56+BT56-BU56 -> 0 | BW56: 0 | BX56: 0 | BY56: =H56 -> 0 | BZ56: =SUMIF('November 2027'!$B:$B,'PTO SUMMARY 2027'!BM56,'November 2027'!$AK:$AK) -> 0 | CA56: =BV56+BY56-BZ56 -> 0 | CB56: 0 | CC56: 0 | CD56: =H56 -> 0 | CE56: =SUMIF('December 2027'!$B:$B,'PTO SUMMARY 2027'!$B:$B,'December 2027'!$AK:$AK) -> 0 | CF56: =CA56+CD56-CE56 -> 0 | CG56: 0 | CH56: 0 | CI56: 0 | CJ56: 0 | CK56: 0 | CL56: 0 | CM56: 0 | CN56: =CK56+CL56-CM56 -> 0
A57: Kane, Mia | B57: A3QE | C57: APC | E57: SMA | F57: GW | G57: 1 | H57: =((G57*86.67)*2)*(SUMIF('Accrual Rates'!B:B,'PTO SUMMARY 2027'!B57,'Accrual Rates'!G:G)) -> 13.333313 | I57: 0 | J57: 0 | K57: 0 | L57: 0 | M57: 0 | N57: =H57 -> 13.333313 | O57: =SUMIF('January 2027'!$B:$B,'PTO SUMMARY 2027'!B57,'January 2027'!$AK:$AK) -> 0 | P57: =L57+M57+N57-O57 -> 13.333313 | Q57: 0 | R57: 0 | S57: =H57 -> 13.333313 | T57: =SUMIF('February 2027'!$B:$B,'PTO SUMMARY 2027'!G57,'February 2027'!$AK:$AK) -> 0 | U57: 0 | V57: =P57+S57-T57 -> 26.666626 | W57: 0 | X57: 0 | Y57: =H57 -> 13.333313 | Z57: =SUMIF('March 2027'!$B:$B,'PTO SUMMARY 2027'!M57,'March 2027'!$AK:$AK) -> 0 | AA57: =V57+Y57-Z57 -> 39.999938 | AB57: 0 | AC57: 0 | AD57: 0 | AE57: =K57-AD57 -> 0 | AF57: 0 | AG57: =AE57-AF57 -> 0 | AH57: =H57 -> 13.333313 | AI57: =SUMIF('April 2027'!$B:$B,'PTO SUMMARY 2027'!V57,'April 2027'!$AK:$AK) -> 0 | AJ57: =AA57+AH57-AI57 -> 53.333251 | AK57: 0 | AL57: 0 | AM57: =H57 -> 13.333313 | AN57: =SUMIF('May 2027'!$B:$B,'PTO SUMMARY 2027'!AA57,'May 2027'!$AK:$AK) -> 0 | AO57: =ROUND((AJ57+AM57-AN57),2) -> 66.67 | AP57: 0 | AQ57: 0 | AR57: =H57 -> 13.333313 | AS57: =SUMIF('June 2027'!$B:$B,'PTO SUMMARY 2027'!AF57,'June 2027'!$AK:$AK) -> 0 | AT57: =AO57+AR57-AS57 -> 80.003313 | AU57: 0 | AV57: 0 | AW57: 0 | AX57: 0 | AY57: 0 | AZ57: =AX57-AY57 -> 0 | BA57: =H57 -> 13.333313 | BB57: =SUMIF('July 2027'!$B:$B,'PTO SUMMARY 2027'!AK57,'July 2027'!$AK:$AK) -> 0 | BC57: =AT57+BA57-BB57 -> 93.336626 | BD57: 0 | BE57: 0 | BF57: =H57 -> 13.333313 | BG57: =SUMIF('August 2027'!$B:$B,'PTO SUMMARY 2027'!AP57,'August 2027'!$AK:$AK) -> 0 | BH57: =BC57+BF57-BG57 -> 106.66994 | BI57: 0 | BJ57: 0 | BK57: =H57 -> 13.333313 | BL57: =SUMIF('September 2027'!$B:$B,'PTO SUMMARY 2027'!AU57,'September 2027'!$AK:$AK) -> 0 | BM57: =BH57+BK57-BL57 -> 120.00325 | BN57: 0 | BO57: 0 | BP57: 0 | BQ57: 0 | BR57: 0 | BS57: =BQ57-BR57 -> 0 | BT57: =H57 -> 13.333313 | BU57: =SUMIF('October 2027'!$B:$B,'PTO SUMMARY 2027'!BH57,'October 2027'!$AK:$AK) -> 0 | BV57: =BM57+BT57-BU57 -> 133.33656 | BW57: 0 | BX57: 0 | BY57: =H57 -> 13.333313 | BZ57: =SUMIF('November 2027'!$B:$B,'PTO SUMMARY 2027'!BM57,'November 2027'!$AK:$AK) -> 0 | CA57: =BV57+BY57-BZ57 -> 146.66988 | CB57: 0 | CC57: 0 | CD57: =H57 -> 13.333313 | CE57: =SUMIF('December 2027'!$B:$B,'PTO SUMMARY 2027'!$B:$B,'December 2027'!$AK:$AK) -> 0 | CF57: =CA57+CD57-CE57 -> 160.00319 | CG57: 0 | CH57: 0 | CI57: 0 | CJ57: 0 | CK57: 0 | CL57: 0 | CM57: 0 | CN57: =CK57+CL57-CM57 -> 0
A58: Kateley Williams, Catherine | B58: A3QF | C58: APC | E58: SMA | F58: BH | G58: 1 | H58: =((G58*86.67)*2)*(SUMIF('Accrual Rates'!B:B,'PTO SUMMARY 2027'!B58,'Accrual Rates'!G:G)) -> 13.333313 | I58: 0 | J58: 0 | K58: 0 | L58: 0 | M58: 0 | N58: =H58 -> 13.333313 | O58: =SUMIF('January 2027'!$B:$B,'PTO SUMMARY 2027'!B58,'January 2027'!$AK:$AK) -> 0 | P58: =L58+M58+N58-O58 -> 13.333313 | Q58: 0 | R58: 0 | S58: =H58 -> 13.333313 | T58: =SUMIF('February 2027'!$B:$B,'PTO SUMMARY 2027'!G58,'February 2027'!$AK:$AK) -> 0 | U58: 0 | V58: =P58+S58-T58 -> 26.666626 | W58: 0 | X58: 0 | Y58: =H58 -> 13.333313 | Z58: =SUMIF('March 2027'!$B:$B,'PTO SUMMARY 2027'!M58,'March 2027'!$AK:$AK) -> 0 | AA58: =V58+Y58-Z58 -> 39.999938 | AB58: 0 | AC58: 0 | AD58: 0 | AE58: =K58-AD58 -> 0 | AF58: 0 | AG58: =AE58-AF58 -> 0 | AH58: =H58 -> 13.333313 | AI58: =SUMIF('April 2027'!$B:$B,'PTO SUMMARY 2027'!V58,'April 2027'!$AK:$AK) -> 0 | AJ58: =AA58+AH58-AI58 -> 53.333251 | AK58: 0 | AL58: 0 | AM58: =H58 -> 13.333313 | AN58: =SUMIF('May 2027'!$B:$B,'PTO SUMMARY 2027'!AA58,'May 2027'!$AK:$AK) -> 0 | AO58: =ROUND((AJ58+AM58-AN58),2) -> 66.67 | AP58: 0 | AQ58: 0 | AR58: =H58 -> 13.333313 | AS58: =SUMIF('June 2027'!$B:$B,'PTO SUMMARY 2027'!AF58,'June 2027'!$AK:$AK) -> 0 | AT58: =AO58+AR58-AS58 -> 80.003313 | AU58: 0 | AV58: 0 | AW58: 0 | AX58: 0 | AY58: 0 | AZ58: =AX58-AY58 -> 0 | BA58: =H58 -> 13.333313 | BB58: =SUMIF('July 2027'!$B:$B,'PTO SUMMARY 2027'!AK58,'July 2027'!$AK:$AK) -> 0 | BC58: =AT58+BA58-BB58 -> 93.336626 | BD58: 0 | BE58: 0 | BF58: =H58 -> 13.333313 | BG58: =SUMIF('August 2027'!$B:$B,'PTO SUMMARY 2027'!AP58,'August 2027'!$AK:$AK) -> 0 | BH58: =BC58+BF58-BG58 -> 106.66994 | BI58: 0 | BJ58: 0 | BK58: =H58 -> 13.333313 | BL58: =SUMIF('September 2027'!$B:$B,'PTO SUMMARY 2027'!AU58,'September 2027'!$AK:$AK) -> 0 | BM58: =BH58+BK58-BL58 -> 120.00325 | BN58: 0 | BO58: 0 | BP58: 0 | BQ58: 0 | BR58: 0 | BS58: =BQ58-BR58 -> 0 | BT58: =H58 -> 13.333313 | BU58: =SUMIF('October 2027'!$B:$B,'PTO SUMMARY 2027'!BH58,'October 2027'!$AK:$AK) -> 0 | BV58: =BM58+BT58-BU58 -> 133.33656 | BW58: 0 | BX58: 0 | BY58: =H58 -> 13.333313 | BZ58: =SUMIF('November 2027'!$B:$B,'PTO SUMMARY 2027'!BM58,'November 2027'!$AK:$AK) -> 0 | CA58: =BV58+BY58-BZ58 -> 146.66988 | CB58: 0 | CC58: 0 | CD58: =H58 -> 13.333313 | CE58: =SUMIF('December 2027'!$B:$B,'PTO SUMMARY 2027'!$B:$B,'December 2027'!$AK:$AK) -> 0 | CF58: =CA58+CD58-CE58 -> 160.00319 | CG58: 0 | CH58: 0 | CI58: 0 | CJ58: 0 | CK58: 0 | CL58: 0 | CM58: 0 | CN58: =CK58+CL58-CM58 -> 0
A59: Kean, Jaime | B59: A2MF | C59: MD | D59: Y | E59: OWM | F59: TA | G59: 1 | H59: 0 | I59: 0 | J59: 0 | K59: 0 | L59: 0 | M59: 0 | N59: =H59 -> 0 | O59: =SUMIF('January 2027'!$B:$B,'PTO SUMMARY 2027'!B59,'January 2027'!$AK:$AK) -> 0 | P59: =L59+M59+N59-O59 -> 0 | Q59: 0 | R59: 0 | S59: =H59 -> 0 | T59: =SUMIF('February 2027'!$B:$B,'PTO SUMMARY 2027'!G59,'February 2027'!$AK:$AK) -> 0 | U59: 0 | V59: =P59+S59-T59 -> 0 | W59: 0 | X59: 0 | Y59: =H59 -> 0 | Z59: =SUMIF('March 2027'!$B:$B,'PTO SUMMARY 2027'!M59,'March 2027'!$AK:$AK) -> 0 | AA59: =V59+Y59-Z59 -> 0 | AB59: 0 | AC59: 0 | AD59: 0 | AE59: =K59-AD59 -> 0 | AF59: 0 | AG59: =AE59-AF59 -> 0 | AH59: =H59 -> 0 | AI59: =SUMIF('April 2027'!$B:$B,'PTO SUMMARY 2027'!V59,'April 2027'!$AK:$AK) -> 0 | AJ59: =AA59+AH59-AI59 -> 0 | AK59: 0 | AL59: 0 | AM59: =H59 -> 0 | AN59: =SUMIF('May 2027'!$B:$B,'PTO SUMMARY 2027'!AA59,'May 2027'!$AK:$AK) -> 0 | AO59: =ROUND((AJ59+AM59-AN59),2) -> 0 | AP59: 0 | AQ59: 0 | AR59: =H59 -> 0 | AS59: =SUMIF('June 2027'!$B:$B,'PTO SUMMARY 2027'!AF59,'June 2027'!$AK:$AK) -> 0 | AT59: =AO59+AR59-AS59 -> 0 | AU59: 0 | AV59: 0 | AW59: 0 | AX59: 0 | AY59: 0 | AZ59: =AX59-AY59 -> 0 | BA59: =H59 -> 0 | BB59: =SUMIF('July 2027'!$B:$B,'PTO SUMMARY 2027'!AK59,'July 2027'!$AK:$AK) -> 0 | BC59: =AT59+BA59-BB59 -> 0 | BD59: 0 | BE59: 0 | BF59: =H59 -> 0 | BG59: =SUMIF('August 2027'!$B:$B,'PTO SUMMARY 2027'!AP59,'August 2027'!$AK:$AK) -> 0 | BH59: =BC59+BF59-BG59 -> 0 | BI59: 0 | BJ59: 0 | BK59: =H59 -> 0 | BL59: =SUMIF('September 2027'!$B:$B,'PTO SUMMARY 2027'!AU59,'September 2027'!$AK:$AK) -> 0 | BM59: =BH59+BK59-BL59 -> 0 | BN59: 0 | BO59: 0 | BP59: 0 | BQ59: 0 | BR59: 0 | BS59: =BQ59-BR59 -> 0 | BT59: =H59 -> 0 | BU59: =SUMIF('October 2027'!$B:$B,'PTO SUMMARY 2027'!BH59,'October 2027'!$AK:$AK) -> 0 | BV59: =BM59+BT59-BU59 -> 0 | BW59: 0 | BX59: 0 | BY59: =H59 -> 0 | BZ59: =SUMIF('November 2027'!$B:$B,'PTO SUMMARY 2027'!BM59,'November 2027'!$AK:$AK) -> 0 | CA59: =BV59+BY59-BZ59 -> 0 | CB59: 0 | CC59: 0 | CD59: =H59 -> 0 | CE59: =SUMIF('December 2027'!$B:$B,'PTO SUMMARY 2027'!$B:$B,'December 2027'!$AK:$AK) -> 0 | CF59: =CA59+CD59-CE59 -> 0 | CG59: 0 | CH59: 0 | CI59: 0 | CJ59: 0 | CK59: 0 | CL59: 0 | CM59: 0 | CN59: =CK59+CL59-CM59 -> 0
A60: Kelly, Jennifer | B60: A2MS | C60: MD | D60: Y | E60: OWM | F60: TN | G60: 0.63 | H60: 0 | I60: 0 | J60: 0 | K60: 0 | L60: 0 | M60: 0 | N60: =H60 -> 0 | O60: =SUMIF('January 2027'!$B:$B,'PTO SUMMARY 2027'!B60,'January 2027'!$AK:$AK) -> 0 | P60: =L60+M60+N60-O60 -> 0 | Q60: 0 | R60: 0 | S60: =H60 -> 0 | T60: =SUMIF('February 2027'!$B:$B,'PTO SUMMARY 2027'!G60,'February 2027'!$AK:$AK) -> 0 | U60: 0 | V60: =P60+S60-T60 -> 0 | W60: 0 | X60: 0 | Y60: =H60 -> 0 | Z60: =SUMIF('March 2027'!$B:$B,'PTO SUMMARY 2027'!M60,'March 2027'!$AK:$AK) -> 0 | AA60: =V60+Y60-Z60 -> 0 | AB60: 0 | AC60: 0 | AD60: 0 | AE60: =K60-AD60 -> 0 | AF60: 0 | AG60: =AE60-AF60 -> 0 | AH60: =H60 -> 0 | AI60: =SUMIF('April 2027'!$B:$B,'PTO SUMMARY 2027'!V60,'April 2027'!$AK:$AK) -> 0 | AJ60: =AA60+AH60-AI60 -> 0 | AK60: 0 | AL60: 0 | AM60: =H60 -> 0 | AN60: =SUMIF('May 2027'!$B:$B,'PTO SUMMARY 2027'!AA60,'May 2027'!$AK:$AK) -> 0 | AO60: =ROUND((AJ60+AM60-AN60),2) -> 0 | AP60: 0 | AQ60: 0 | AR60: =H60 -> 0 | AS60: =SUMIF('June 2027'!$B:$B,'PTO SUMMARY 2027'!AF60,'June 2027'!$AK:$AK) -> 0 | AT60: =AO60+AR60-AS60 -> 0 | AU60: 0 | AV60: 0 | AW60: 0 | AX60: 0 | AY60: 0 | AZ60: =AX60-AY60 -> 0 | BA60: =H60 -> 0 | BB60: =SUMIF('July 2027'!$B:$B,'PTO SUMMARY 2027'!AK60,'July 2027'!$AK:$AK) -> 0 | BC60: =AT60+BA60-BB60 -> 0 | BD60: 0 | BE60: 0 | BF60: =H60 -> 0 | BG60: =SUMIF('August 2027'!$B:$B,'PTO SUMMARY 2027'!AP60,'August 2027'!$AK:$AK) -> 0 | BH60: =BC60+BF60-BG60 -> 0 | BI60: 0 | BJ60: 0 | BK60: =H60 -> 0 | BL60: =SUMIF('September 2027'!$B:$B,'PTO SUMMARY 2027'!AU60,'September 2027'!$AK:$AK) -> 0 | BM60: =BH60+BK60-BL60 -> 0 | BN60: 0 | BO60: 0 | BP60: 0 | BQ60: 0 | BR60: 0 | BS60: =BQ60-BR60 -> 0 | BT60: =H60 -> 0 | BU60: =SUMIF('October 2027'!$B:$B,'PTO SUMMARY 2027'!BH60,'October 2027'!$AK:$AK) -> 0 | BV60: =BM60+BT60-BU60 -> 0 | BW60: 0 | BX60: 0 | BY60: =H60 -> 0 | BZ60: =SUMIF('November 2027'!$B:$B,'PTO SUMMARY 2027'!BM60,'November 2027'!$AK:$AK) -> 0 | CA60: =BV60+BY60-BZ60 -> 0 | CB60: 0 | CC60: 0 | CD60: =H60 -> 0 | CE60: =SUMIF('December 2027'!$B:$B,'PTO SUMMARY 2027'!$B:$B,'December 2027'!$AK:$AK) -> 0 | CF60: =CA60+CD60-CE60 -> 0 | CG60: 0 | CH60: 0 | CI60: 0 | CJ60: 0 | CK60: 0 | CL60: 0 | CM60: 0 | CN60: =CK60+CL60-CM60 -> 0
A61: Kerstetter, Jessica | B61: A2N4 | C61: APC | D61: Y | E61: OWA | F61: GW | G61: 0.8 | H61: 0 | I61: 0 | J61: 0 | K61: 0 | L61: 0 | M61: 0 | N61: =H61 -> 0 | O61: =SUMIF('January 2027'!$B:$B,'PTO SUMMARY 2027'!B61,'January 2027'!$AK:$AK) -> 6 | P61: =L61+M61+N61-O61 -> -6 | Q61: 0 | R61: 0 | S61: =H61 -> 0 | T61: =SUMIF('February 2027'!$B:$B,'PTO SUMMARY 2027'!G61,'February 2027'!$AK:$AK) -> 0 | U61: 0 | V61: =P61+S61-T61 -> -6 | W61: 0 | X61: 0 | Y61: =H61 -> 0 | Z61: =SUMIF('March 2027'!$B:$B,'PTO SUMMARY 2027'!M61,'March 2027'!$AK:$AK) -> 0 | AA61: =V61+Y61-Z61 -> -6 | AB61: 0 | AC61: 0 | AD61: 0 | AE61: =K61-AD61 -> 0 | AF61: 0 | AG61: =AE61-AF61 -> 0 | AH61: =H61 -> 0 | AI61: =SUMIF('April 2027'!$B:$B,'PTO SUMMARY 2027'!V61,'April 2027'!$AK:$AK) -> 0 | AJ61: =AA61+AH61-AI61 -> -6 | AK61: 0 | AL61: 0 | AM61: =H61 -> 0 | AN61: =SUMIF('May 2027'!$B:$B,'PTO SUMMARY 2027'!AA61,'May 2027'!$AK:$AK) -> 0 | AO61: =ROUND((AJ61+AM61-AN61),2) -> -6 | AP61: 0 | AQ61: 0 | AR61: =H61 -> 0 | AS61: =SUMIF('June 2027'!$B:$B,'PTO SUMMARY 2027'!AF61,'June 2027'!$AK:$AK) -> 0 | AT61: =AO61+AR61-AS61 -> -6 | AU61: 0 | AV61: 0 | AW61: 0 | AX61: 0 | AY61: 0 | AZ61: =AX61-AY61 -> 0 | BA61: =H61 -> 0 | BB61: =SUMIF('July 2027'!$B:$B,'PTO SUMMARY 2027'!AK61,'July 2027'!$AK:$AK) -> 0 | BC61: =AT61+BA61-BB61 -> -6 | BD61: 0 | BE61: 0 | BF61: =H61 -> 0 | BG61: =SUMIF('August 2027'!$B:$B,'PTO SUMMARY 2027'!AP61,'August 2027'!$AK:$AK) -> 0 | BH61: =BC61+BF61-BG61 -> -6 | BI61: 0 | BJ61: 0 | BK61: =H61 -> 0 | BL61: =SUMIF('September 2027'!$B:$B,'PTO SUMMARY 2027'!AU61,'September 2027'!$AK:$AK) -> 0 | BM61: =BH61+BK61-BL61 -> -6 | BN61: 0 | BO61: 0 | BP61: 0 | BQ61: 0 | BR61: 0 | BS61: =BQ61-BR61 -> 0 | BT61: =H61 -> 0 | BU61: =SUMIF('October 2027'!$B:$B,'PTO SUMMARY 2027'!BH61,'October 2027'!$AK:$AK) -> 0 | BV61: =BM61+BT61-BU61 -> -6 | BW61: 0 | BX61: 0 | BY61: =H61 -> 0 | BZ61: =SUMIF('November 2027'!$B:$B,'PTO SUMMARY 2027'!BM61,'November 2027'!$AK:$AK) -> 0 | CA61: =BV61+BY61-BZ61 -> -6 | CB61: 0 | CC61: 0 | CD61: =H61 -> 0 | CE61: =SUMIF('December 2027'!$B:$B,'PTO SUMMARY 2027'!$B:$B,'December 2027'!$AK:$AK) -> 0 | CF61: =CA61+CD61-CE61 -> -6 | CG61: 0 | CH61: 0 | CI61: 0 | CJ61: 0 | CK61: 0 | CL61: 0 | CM61: 0 | CN61: =CK61+CL61-CM61 -> 0
A62: Koh Stewart, Marguerite | B62: A2O1 | C62: MD | D62: Y | E62: PTT | F62: TN | G62: 0.75 | H62: 0 | I62: 0 | J62: 0 | K62: 0 | L62: 0 | M62: 0 | N62: =H62 -> 0 | O62: =SUMIF('January 2027'!$B:$B,'PTO SUMMARY 2027'!B62,'January 2027'!$AK:$AK) -> 0 | P62: =L62+M62+N62-O62 -> 0 | Q62: 0 | R62: 0 | S62: =H62 -> 0 | T62: =SUMIF('February 2027'!$B:$B,'PTO SUMMARY 2027'!G62,'February 2027'!$AK:$AK) -> 0 | U62: 0 | V62: =P62+S62-T62 -> 0 | W62: 0 | X62: 0 | Y62: =H62 -> 0 | Z62: =SUMIF('March 2027'!$B:$B,'PTO SUMMARY 2027'!M62,'March 2027'!$AK:$AK) -> 0 | AA62: =V62+Y62-Z62 -> 0 | AB62: 0 | AC62: 0 | AD62: 0 | AE62: =K62-AD62 -> 0 | AF62: 0 | AG62: =AE62-AF62 -> 0 | AH62: =H62 -> 0 | AI62: =SUMIF('April 2027'!$B:$B,'PTO SUMMARY 2027'!V62,'April 2027'!$AK:$AK) -> 0 | AJ62: =AA62+AH62-AI62 -> 0 | AK62: 0 | AL62: 0 | AM62: =H62 -> 0 | AN62: =SUMIF('May 2027'!$B:$B,'PTO SUMMARY 2027'!AA62,'May 2027'!$AK:$AK) -> 0 | AO62: =ROUND((AJ62+AM62-AN62),2) -> 0 | AP62: 0 | AQ62: 0 | AR62: =H62 -> 0 | AS62: =SUMIF('June 2027'!$B:$B,'PTO SUMMARY 2027'!AF62,'June 2027'!$AK:$AK) -> 0 | AT62: =AO62+AR62-AS62 -> 0 | AU62: 0 | AV62: 0 | AW62: 0 | AX62: 0 | AY62: 0 | AZ62: =AX62-AY62 -> 0 | BA62: =H62 -> 0 | BB62: =SUMIF('July 2027'!$B:$B,'PTO SUMMARY 2027'!AK62,'July 2027'!$AK:$AK) -> 0 | BC62: =AT62+BA62-BB62 -> 0 | BD62: 0 | BE62: 0 | BF62: =H62 -> 0 | BG62: =SUMIF('August 2027'!$B:$B,'PTO SUMMARY 2027'!AP62,'August 2027'!$AK:$AK) -> 0 | BH62: =BC62+BF62-BG62 -> 0 | BI62: 0 | BJ62: 0 | BK62: =H62 -> 0 | BL62: =SUMIF('September 2027'!$B:$B,'PTO SUMMARY 2027'!AU62,'September 2027'!$AK:$AK) -> 0 | BM62: =BH62+BK62-BL62 -> 0 | BN62: 0 | BO62: 0 | BP62: 0 | BQ62: 0 | BR62: 0 | BS62: =BQ62-BR62 -> 0 | BT62: =H62 -> 0 | BU62: =SUMIF('October 2027'!$B:$B,'PTO SUMMARY 2027'!BH62,'October 2027'!$AK:$AK) -> 0 | BV62: =BM62+BT62-BU62 -> 0 | BW62: 0 | BX62: 0 | BY62: =H62 -> 0 | BZ62: =SUMIF('November 2027'!$B:$B,'PTO SUMMARY 2027'!BM62,'November 2027'!$AK:$AK) -> 0 | CA62: =BV62+BY62-BZ62 -> 0 | CB62: 0 | CC62: 0 | CD62: =H62 -> 0 | CE62: =SUMIF('December 2027'!$B:$B,'PTO SUMMARY 2027'!$B:$B,'December 2027'!$AK:$AK) -> 0 | CF62: =CA62+CD62-CE62 -> 0 | CG62: 0 | CH62: 0 | CI62: 0 | CJ62: 0 | CK62: 0 | CL62: 0 | CM62: 0 | CN62: =CK62+CL62-CM62 -> 0
A63: Koltenuk, Erica | B63: A2O3 | C63: APC | E63: SMA | F63: NB | G63: 0.75 | H63: =((G63*86.67)*2)*(SUMIF('Accrual Rates'!B:B,'PTO SUMMARY 2027'!B63,'Accrual Rates'!G:G)) -> 9.9999846 | I63: 0 | J63: 0 | K63: 0 | L63: 0 | M63: 0 | N63: =H63 -> 9.9999846 | O63: =SUMIF('January 2027'!$B:$B,'PTO SUMMARY 2027'!B63,'January 2027'!$AK:$AK) -> 0 | P63: =L63+M63+N63-O63 -> 9.9999846 | Q63: 0 | R63: 0 | S63: =H63 -> 9.9999846 | T63: =SUMIF('February 2027'!$B:$B,'PTO SUMMARY 2027'!G63,'February 2027'!$AK:$AK) -> 0 | U63: 0 | V63: =P63+S63-T63 -> 19.999969 | W63: 0 | X63: 0 | Y63: =H63 -> 9.9999846 | Z63: =SUMIF('March 2027'!$B:$B,'PTO SUMMARY 2027'!M63,'March 2027'!$AK:$AK) -> 0 | AA63: =V63+Y63-Z63 -> 29.999954 | AB63: 0 | AC63: 0 | AD63: 0 | AE63: =K63-AD63 -> 0 | AF63: 0 | AG63: =AE63-AF63 -> 0 | AH63: =H63 -> 9.9999846 | AI63: =SUMIF('April 2027'!$B:$B,'PTO SUMMARY 2027'!V63,'April 2027'!$AK:$AK) -> 0 | AJ63: =AA63+AH63-AI63 -> 39.999938 | AK63: 0 | AL63: 0 | AM63: =H63 -> 9.9999846 | AN63: =SUMIF('May 2027'!$B:$B,'PTO SUMMARY 2027'!AA63,'May 2027'!$AK:$AK) -> 0 | AO63: =ROUND((AJ63+AM63-AN63),2) -> 50 | AP63: 0 | AQ63: 0 | AR63: =H63 -> 9.9999846 | AS63: =SUMIF('June 2027'!$B:$B,'PTO SUMMARY 2027'!AF63,'June 2027'!$AK:$AK) -> 0 | AT63: =AO63+AR63-AS63 -> 59.999985 | AU63: 0 | AV63: 0 | AW63: 0 | AX63: 0 | AY63: 0 | AZ63: =AX63-AY63 -> 0 | BA63: =H63 -> 9.9999846 | BB63: =SUMIF('July 2027'!$B:$B,'PTO SUMMARY 2027'!AK63,'July 2027'!$AK:$AK) -> 0 | BC63: =AT63+BA63-BB63 -> 69.999969 | BD63: 0 | BE63: 0 | BF63: =H63 -> 9.9999846 | BG63: =SUMIF('August 2027'!$B:$B,'PTO SUMMARY 2027'!AP63,'August 2027'!$AK:$AK) -> 0 | BH63: =BC63+BF63-BG63 -> 79.999954 | BI63: 0 | BJ63: 0 | BK63: =H63 -> 9.9999846 | BL63: =SUMIF('September 2027'!$B:$B,'PTO SUMMARY 2027'!AU63,'September 2027'!$AK:$AK) -> 0 | BM63: =BH63+BK63-BL63 -> 89.999938 | BN63: 0 | BO63: 0 | BP63: 0 | BQ63: 0 | BR63: 0 | BS63: =BQ63-BR63 -> 0 | BT63: =H63 -> 9.9999846 | BU63: =SUMIF('October 2027'!$B:$B,'PTO SUMMARY 2027'!BH63,'October 2027'!$AK:$AK) -> 0 | BV63: =BM63+BT63-BU63 -> 99.999923 | BW63: 0 | BX63: 0 | BY63: =H63 -> 9.9999846 | BZ63: =SUMIF('November 2027'!$B:$B,'PTO SUMMARY 2027'!BM63,'November 2027'!$AK:$AK) -> 0 | CA63: =BV63+BY63-BZ63 -> 109.99991 | CB63: 0 | CC63: 0 | CD63: =H63 -> 9.9999846 | CE63: =SUMIF('December 2027'!$B:$B,'PTO SUMMARY 2027'!$B:$B,'December 2027'!$AK:$AK) -> 0 | CF63: =CA63+CD63-CE63 -> 119.99989 | CG63: 0 | CH63: 0 | CI63: 0 | CJ63: 0 | CK63: 0 | CL63: 0 | CM63: 0 | CN63: =CK63+CL63-CM63 -> 0
A64: Kondrat, Angela | B64: A2O4 | C64: MD | D64: Y | E64: OWM | F64: PKMD | G64: 1 | H64: 0 | I64: 0 | J64: 0 | K64: 0 | L64: 0 | M64: 0 | N64: =H64 -> 0 | O64: =SUMIF('January 2027'!$B:$B,'PTO SUMMARY 2027'!B64,'January 2027'!$AK:$AK) -> 0 | P64: =L64+M64+N64-O64 -> 0 | Q64: 0 | R64: 0 | S64: =H64 -> 0 | T64: =SUMIF('February 2027'!$B:$B,'PTO SUMMARY 2027'!G64,'February 2027'!$AK:$AK) -> 0 | U64: 0 | V64: =P64+S64-T64 -> 0 | W64: 0 | X64: 0 | Y64: =H64 -> 0 | Z64: =SUMIF('March 2027'!$B:$B,'PTO SUMMARY 2027'!M64,'March 2027'!$AK:$AK) -> 0 | AA64: =V64+Y64-Z64 -> 0 | AB64: 0 | AC64: 0 | AD64: 0 | AE64: =K64-AD64 -> 0 | AF64: 0 | AG64: =AE64-AF64 -> 0 | AH64: =H64 -> 0 | AI64: =SUMIF('April 2027'!$B:$B,'PTO SUMMARY 2027'!V64,'April 2027'!$AK:$AK) -> 0 | AJ64: =AA64+AH64-AI64 -> 0 | AK64: 0 | AL64: 0 | AM64: =H64 -> 0 | AN64: =SUMIF('May 2027'!$B:$B,'PTO SUMMARY 2027'!AA64,'May 2027'!$AK:$AK) -> 0 | AO64: =ROUND((AJ64+AM64-AN64),2) -> 0 | AP64: 0 | AQ64: 0 | AR64: =H64 -> 0 | AS64: =SUMIF('June 2027'!$B:$B,'PTO SUMMARY 2027'!AF64,'June 2027'!$AK:$AK) -> 0 | AT64: =AO64+AR64-AS64 -> 0 | AU64: 0 | AV64: 0 | AW64: 0 | AX64: 0 | AY64: 0 | AZ64: =AX64-AY64 -> 0 | BA64: =H64 -> 0 | BB64: =SUMIF('July 2027'!$B:$B,'PTO SUMMARY 2027'!AK64,'July 2027'!$AK:$AK) -> 0 | BC64: =AT64+BA64-BB64 -> 0 | BD64: 0 | BE64: 0 | BF64: =H64 -> 0 | BG64: =SUMIF('August 2027'!$B:$B,'PTO SUMMARY 2027'!AP64,'August 2027'!$AK:$AK) -> 0 | BH64: =BC64+BF64-BG64 -> 0 | BI64: 0 | BJ64: 0 | BK64: =H64 -> 0 | BL64: =SUMIF('September 2027'!$B:$B,'PTO SUMMARY 2027'!AU64,'September 2027'!$AK:$AK) -> 0 | BM64: =BH64+BK64-BL64 -> 0 | BN64: 0 | BO64: 0 | BP64: 0 | BQ64: 0 | BR64: 0 | BS64: =BQ64-BR64 -> 0 | BT64: =H64 -> 0 | BU64: =SUMIF('October 2027'!$B:$B,'PTO SUMMARY 2027'!BH64,'October 2027'!$AK:$AK) -> 0 | BV64: =BM64+BT64-BU64 -> 0 | BW64: 0 | BX64: 0 | BY64: =H64 -> 0 | BZ64: =SUMIF('November 2027'!$B:$B,'PTO SUMMARY 2027'!BM64,'November 2027'!$AK:$AK) -> 0 | CA64: =BV64+BY64-BZ64 -> 0 | CB64: 0 | CC64: 0 | CD64: =H64 -> 0 | CE64: =SUMIF('December 2027'!$B:$B,'PTO SUMMARY 2027'!$B:$B,'December 2027'!$AK:$AK) -> 0 | CF64: =CA64+CD64-CE64 -> 0 | CG64: 0 | CH64: 0 | CI64: 0 | CJ64: 0 | CK64: 0 | CL64: 0 | CM64: 0 | CN64: =CK64+CL64-CM64 -> 0
A65: Koski Vogt, Mary | B65: A2O9 | C65: APC | E65: SMA | F65: PKmid | G65: 0.8 | H65: =((G65*86.67)*2)*(SUMIF('Accrual Rates'!B:B,'PTO SUMMARY 2027'!B65,'Accrual Rates'!G:G)) -> 10.66665 | I65: 0 | J65: 0 | K65: 0 | L65: 0 | M65: 0 | N65: =H65 -> 10.66665 | O65: =SUMIF('January 2027'!$B:$B,'PTO SUMMARY 2027'!B65,'January 2027'!$AK:$AK) -> 0 | P65: =L65+M65+N65-O65 -> 10.66665 | Q65: 0 | R65: 0 | S65: =H65 -> 10.66665 | T65: =SUMIF('February 2027'!$B:$B,'PTO SUMMARY 2027'!G65,'February 2027'!$AK:$AK) -> 0 | U65: 0 | V65: =P65+S65-T65 -> 21.3333 | W65: 0 | X65: 0 | Y65: =H65 -> 10.66665 | Z65: =SUMIF('March 2027'!$B:$B,'PTO SUMMARY 2027'!M65,'March 2027'!$AK:$AK) -> 0 | AA65: =V65+Y65-Z65 -> 31.999951 | AB65: 0 | AC65: 0 | AD65: 0 | AE65: =K65-AD65 -> 0 | AF65: 0 | AG65: =AE65-AF65 -> 0 | AH65: =H65 -> 10.66665 | AI65: =SUMIF('April 2027'!$B:$B,'PTO SUMMARY 2027'!V65,'April 2027'!$AK:$AK) -> 0 | AJ65: =AA65+AH65-AI65 -> 42.666601 | AK65: 0 | AL65: 0 | AM65: =H65 -> 10.66665 | AN65: =SUMIF('May 2027'!$B:$B,'PTO SUMMARY 2027'!AA65,'May 2027'!$AK:$AK) -> 0 | AO65: =ROUND((AJ65+AM65-AN65),2) -> 53.33 | AP65: 0 | AQ65: 0 | AR65: =H65 -> 10.66665 | AS65: =SUMIF('June 2027'!$B:$B,'PTO SUMMARY 2027'!AF65,'June 2027'!$AK:$AK) -> 0 | AT65: =AO65+AR65-AS65 -> 63.99665 | AU65: 0 | AV65: 0 | AW65: 0 | AX65: 0 | AY65: 0 | AZ65: =AX65-AY65 -> 0 | BA65: =H65 -> 10.66665 | BB65: =SUMIF('July 2027'!$B:$B,'PTO SUMMARY 2027'!AK65,'July 2027'!$AK:$AK) -> 0 | BC65: =AT65+BA65-BB65 -> 74.6633 | BD65: 0 | BE65: 0 | BF65: =H65 -> 10.66665 | BG65: =SUMIF('August 2027'!$B:$B,'PTO SUMMARY 2027'!AP65,'August 2027'!$AK:$AK) -> 0 | BH65: =BC65+BF65-BG65 -> 85.329951 | BI65: 0 | BJ65: 0 | BK65: =H65 -> 10.66665 | BL65: =SUMIF('September 2027'!$B:$B,'PTO SUMMARY 2027'!AU65,'September 2027'!$AK:$AK) -> 0 | BM65: =BH65+BK65-BL65 -> 95.996601 | BN65: 0 | BO65: 0 | BP65: 0 | BQ65: 0 | BR65: 0 | BS65: =BQ65-BR65 -> 0 | BT65: =H65 -> 10.66665 | BU65: =SUMIF('October 2027'!$B:$B,'PTO SUMMARY 2027'!BH65,'October 2027'!$AK:$AK) -> 0 | BV65: =BM65+BT65-BU65 -> 106.66325 | BW65: 0 | BX65: 0 | BY65: =H65 -> 10.66665 | BZ65: =SUMIF('November 2027'!$B:$B,'PTO SUMMARY 2027'!BM65,'November 2027'!$AK:$AK) -> 0 | CA65: =BV65+BY65-BZ65 -> 117.3299 | CB65: 0 | CC65: 0 | CD65: =H65 -> 10.66665 | CE65: =SUMIF('December 2027'!$B:$B,'PTO SUMMARY 2027'!$B:$B,'December 2027'!$AK:$AK) -> 0 | CF65: =CA65+CD65-CE65 -> 127.99655 | CG65: 0 | CH65: 0 | CI65: 0 | CJ65: 0 | CK65: 0 | CL65: 0 | CM65: 0 | CN65: =CK65+CL65-CM65 -> 0
A66: Kratzer, Jennifer | B66: A3QG | C66: APC | E66: SMA | F66: NB | G66: 1 | H66: =((G66*86.67)*2)*(SUMIF('Accrual Rates'!B:B,'PTO SUMMARY 2027'!B66,'Accrual Rates'!G:G)) -> 13.333313 | I66: 0 | J66: 0 | K66: 0 | L66: 0 | M66: 0 | N66: =H66 -> 13.333313 | O66: =SUMIF('January 2027'!$B:$B,'PTO SUMMARY 2027'!B66,'January 2027'!$AK:$AK) -> 0 | P66: =L66+M66+N66-O66 -> 13.333313 | Q66: 0 | R66: 0 | S66: =H66 -> 13.333313 | T66: =SUMIF('February 2027'!$B:$B,'PTO SUMMARY 2027'!G66,'February 2027'!$AK:$AK) -> 0 | U66: 0 | V66: =P66+S66-T66 -> 26.666626 | W66: 0 | X66: 0 | Y66: =H66 -> 13.333313 | Z66: =SUMIF('March 2027'!$B:$B,'PTO SUMMARY 2027'!M66,'March 2027'!$AK:$AK) -> 0 | AA66: =V66+Y66-Z66 -> 39.999938 | AB66: 0 | AC66: 0 | AD66: 0 | AE66: =K66-AD66 -> 0 | AF66: 0 | AG66: =AE66-AF66 -> 0 | AH66: =H66 -> 13.333313 | AI66: =SUMIF('April 2027'!$B:$B,'PTO SUMMARY 2027'!V66,'April 2027'!$AK:$AK) -> 0 | AJ66: =AA66+AH66-AI66 -> 53.333251 | AK66: 0 | AL66: 0 | AM66: =H66 -> 13.333313 | AN66: =SUMIF('May 2027'!$B:$B,'PTO SUMMARY 2027'!AA66,'May 2027'!$AK:$AK) -> 0 | AO66: =ROUND((AJ66+AM66-AN66),2) -> 66.67 | AP66: 0 | AQ66: 0 | AR66: =H66 -> 13.333313 | AS66: =SUMIF('June 2027'!$B:$B,'PTO SUMMARY 2027'!AF66,'June 2027'!$AK:$AK) -> 0 | AT66: =AO66+AR66-AS66 -> 80.003313 | AU66: 0 | AV66: 0 | AW66: 0 | AX66: 0 | AY66: 0 | AZ66: =AX66-AY66 -> 0 | BA66: =H66 -> 13.333313 | BB66: =SUMIF('July 2027'!$B:$B,'PTO SUMMARY 2027'!AK66,'July 2027'!$AK:$AK) -> 0 | BC66: =AT66+BA66-BB66 -> 93.336626 | BD66: 0 | BE66: 0 | BF66: =H66 -> 13.333313 | BG66: =SUMIF('August 2027'!$B:$B,'PTO SUMMARY 2027'!AP66,'August 2027'!$AK:$AK) -> 0 | BH66: =BC66+BF66-BG66 -> 106.66994 | BI66: 0 | BJ66: 0 | BK66: =H66 -> 13.333313 | BL66: =SUMIF('September 2027'!$B:$B,'PTO SUMMARY 2027'!AU66,'September 2027'!$AK:$AK) -> 0 | BM66: =BH66+BK66-BL66 -> 120.00325 | BN66: 0 | BO66: 0 | BP66: 0 | BQ66: 0 | BR66: 0 | BS66: =BQ66-BR66 -> 0 | BT66: =H66 -> 13.333313 | BU66: =SUMIF('October 2027'!$B:$B,'PTO SUMMARY 2027'!BH66,'October 2027'!$AK:$AK) -> 0 | BV66: =BM66+BT66-BU66 -> 133.33656 | BW66: 0 | BX66: 0 | BY66: =H66 -> 13.333313 | BZ66: =SUMIF('November 2027'!$B:$B,'PTO SUMMARY 2027'!BM66,'November 2027'!$AK:$AK) -> 0 | CA66: =BV66+BY66-BZ66 -> 146.66988 | CB66: 0 | CC66: 0 | CD66: =H66 -> 13.333313 | CE66: =SUMIF('December 2027'!$B:$B,'PTO SUMMARY 2027'!$B:$B,'December 2027'!$AK:$AK) -> 0 | CF66: =CA66+CD66-CE66 -> 160.00319 | CG66: 0 | CH66: 0 | CI66: 0 | CJ66: 0 | CK66: 0 | CL66: 0 | CM66: 0 | CN66: =CK66+CL66-CM66 -> 0
A67: Labby, Elizabeth | B67: A2OV | C67: APC | D67: Y | E67: OWA | F67: GW | G67: 0.9 | H67: 0 | I67: 0 | J67: 0 | K67: 0 | L67: 0 | M67: 0 | N67: =H67 -> 0 | O67: =SUMIF('January 2027'!$B:$B,'PTO SUMMARY 2027'!B67,'January 2027'!$AK:$AK) -> 8 | P67: =L67+M67+N67-O67 -> -8 | Q67: 0 | R67: 0 | S67: =H67 -> 0 | T67: =SUMIF('February 2027'!$B:$B,'PTO SUMMARY 2027'!G67,'February 2027'!$AK:$AK) -> 0 | U67: 0 | V67: =P67+S67-T67 -> -8 | W67: 0 | X67: 0 | Y67: =H67 -> 0 | Z67: =SUMIF('March 2027'!$B:$B,'PTO SUMMARY 2027'!M67,'March 2027'!$AK:$AK) -> 0 | AA67: =V67+Y67-Z67 -> -8 | AB67: 0 | AC67: 0 | AD67: 0 | AE67: =K67-AD67 -> 0 | AF67: 0 | AG67: =AE67-AF67 -> 0 | AH67: =H67 -> 0 | AI67: =SUMIF('April 2027'!$B:$B,'PTO SUMMARY 2027'!V67,'April 2027'!$AK:$AK) -> 0 | AJ67: =AA67+AH67-AI67 -> -8 | AK67: 0 | AL67: 0 | AM67: =H67 -> 0 | AN67: =SUMIF('May 2027'!$B:$B,'PTO SUMMARY 2027'!AA67,'May 2027'!$AK:$AK) -> 0 | AO67: =ROUND((AJ67+AM67-AN67),2) -> -8 | AP67: 0 | AQ67: 0 | AR67: =H67 -> 0 | AS67: =SUMIF('June 2027'!$B:$B,'PTO SUMMARY 2027'!AF67,'June 2027'!$AK:$AK) -> 0 | AT67: =AO67+AR67-AS67 -> -8 | AU67: 0 | AV67: 0 | AW67: 0 | AX67: 0 | AY67: 0 | AZ67: =AX67-AY67 -> 0 | BA67: =H67 -> 0 | BB67: =SUMIF('July 2027'!$B:$B,'PTO SUMMARY 2027'!AK67,'July 2027'!$AK:$AK) -> 0 | BC67: =AT67+BA67-BB67 -> -8 | BD67: 0 | BE67: 0 | BF67: =H67 -> 0 | BG67: =SUMIF('August 2027'!$B:$B,'PTO SUMMARY 2027'!AP67,'August 2027'!$AK:$AK) -> 0 | BH67: =BC67+BF67-BG67 -> -8 | BI67: 0 | BJ67: 0 | BK67: =H67 -> 0 | BL67: =SUMIF('September 2027'!$B:$B,'PTO SUMMARY 2027'!AU67,'September 2027'!$AK:$AK) -> 0 | BM67: =BH67+BK67-BL67 -> -8 | BN67: 0 | BO67: 0 | BP67: 0 | BQ67: 0 | BR67: 0 | BS67: =BQ67-BR67 -> 0 | BT67: =H67 -> 0 | BU67: =SUMIF('October 2027'!$B:$B,'PTO SUMMARY 2027'!BH67,'October 2027'!$AK:$AK) -> 0 | BV67: =BM67+BT67-BU67 -> -8 | BW67: 0 | BX67: 0 | BY67: =H67 -> 0 | BZ67: =SUMIF('November 2027'!$B:$B,'PTO SUMMARY 2027'!BM67,'November 2027'!$AK:$AK) -> 0 | CA67: =BV67+BY67-BZ67 -> -8 | CB67: 0 | CC67: 0 | CD67: =H67 -> 0 | CE67: =SUMIF('December 2027'!$B:$B,'PTO SUMMARY 2027'!$B:$B,'December 2027'!$AK:$AK) -> 0 | CF67: =CA67+CD67-CE67 -> -8 | CG67: 0 | CH67: 0 | CI67: 0 | CJ67: 0 | CK67: 0 | CL67: 0 | CM67: 0 | CN67: =CK67+CL67-CM67 -> 0
A68: Lannon, Sophia | B68: A2P6 | C68: MD | D68: Y | E68: MFM | F68: NWP | G68: 1 | H68: 0 | I68: 0 | J68: 0 | K68: 0 | L68: 0 | M68: 0 | N68: =H68 -> 0 | O68: =SUMIF('January 2027'!$B:$B,'PTO SUMMARY 2027'!B68,'January 2027'!$AK:$AK) -> 0 | P68: =L68+M68+N68-O68 -> 0 | Q68: 0 | R68: 0 | S68: =H68 -> 0 | T68: =SUMIF('February 2027'!$B:$B,'PTO SUMMARY 2027'!G68,'February 2027'!$AK:$AK) -> 0 | U68: 0 | V68: =P68+S68-T68 -> 0 | W68: 0 | X68: 0 | Y68: =H68 -> 0 | Z68: =SUMIF('March 2027'!$B:$B,'PTO SUMMARY 2027'!M68,'March 2027'!$AK:$AK) -> 0 | AA68: =V68+Y68-Z68 -> 0 | AB68: 0 | AC68: 0 | AD68: 0 | AE68: =K68-AD68 -> 0 | AF68: 0 | AG68: =AE68-AF68 -> 0 | AH68: =H68 -> 0 | AI68: =SUMIF('April 2027'!$B:$B,'PTO SUMMARY 2027'!V68,'April 2027'!$AK:$AK) -> 0 | AJ68: =AA68+AH68-AI68 -> 0 | AK68: 0 | AL68: 0 | AM68: =H68 -> 0 | AN68: =SUMIF('May 2027'!$B:$B,'PTO SUMMARY 2027'!AA68,'May 2027'!$AK:$AK) -> 0 | AO68: =ROUND((AJ68+AM68-AN68),2) -> 0 | AP68: 0 | AQ68: 0 | AR68: =H68 -> 0 | AS68: =SUMIF('June 2027'!$B:$B,'PTO SUMMARY 2027'!AF68,'June 2027'!$AK:$AK) -> 0 | AT68: =AO68+AR68-AS68 -> 0 | AU68: 0 | AV68: 0 | AW68: 0 | AX68: 0 | AY68: 0 | AZ68: =AX68-AY68 -> 0 | BA68: =H68 -> 0 | BB68: =SUMIF('July 2027'!$B:$B,'PTO SUMMARY 2027'!AK68,'July 2027'!$AK:$AK) -> 0 | BC68: =AT68+BA68-BB68 -> 0 | BD68: 0 | BE68: 0 | BF68: =H68 -> 0 | BG68: =SUMIF('August 2027'!$B:$B,'PTO SUMMARY 2027'!AP68,'August 2027'!$AK:$AK) -> 0 | BH68: =BC68+BF68-BG68 -> 0 | BI68: 0 | BJ68: 0 | BK68: =H68 -> 0 | BL68: =SUMIF('September 2027'!$B:$B,'PTO SUMMARY 2027'!AU68,'September 2027'!$AK:$AK) -> 0 | BM68: =BH68+BK68-BL68 -> 0 | BN68: 0 | BO68: 0 | BP68: 0 | BQ68: 0 | BR68: 0 | BS68: =BQ68-BR68 -> 0 | BT68: =H68 -> 0 | BU68: =SUMIF('October 2027'!$B:$B,'PTO SUMMARY 2027'!BH68,'October 2027'!$AK:$AK) -> 0 | BV68: =BM68+BT68-BU68 -> 0 | BW68: 0 | BX68: 0 | BY68: =H68 -> 0 | BZ68: =SUMIF('November 2027'!$B:$B,'PTO SUMMARY 2027'!BM68,'November 2027'!$AK:$AK) -> 0 | CA68: =BV68+BY68-BZ68 -> 0 | CB68: 0 | CC68: 0 | CD68: =H68 -> 0 | CE68: =SUMIF('December 2027'!$B:$B,'PTO SUMMARY 2027'!$B:$B,'December 2027'!$AK:$AK) -> 0 | CF68: =CA68+CD68-CE68 -> 0 | CG68: 0 | CH68: 0 | CI68: 0 | CJ68: 0 | CK68: 0 | CL68: 0 | CM68: 0 | CN68: =CK68+CL68-CM68 -> 0
A69: Larson, Sydney | B69: A38T | C69: APC | E69: SMA | F69: PKMD | G69: 1 | H69: =((G69*86.67)*2)*(SUMIF('Accrual Rates'!B:B,'PTO SUMMARY 2027'!B69,'Accrual Rates'!G:G)) -> 13.333313 | I69: 0 | J69: 0 | K69: 0 | L69: 0 | M69: 0 | N69: =H69 -> 13.333313 | O69: =SUMIF('January 2027'!$B:$B,'PTO SUMMARY 2027'!B69,'January 2027'!$AK:$AK) -> 0 | P69: =L69+M69+N69-O69 -> 13.333313 | Q69: 0 | R69: 0 | S69: =H69 -> 13.333313 | T69: =SUMIF('February 2027'!$B:$B,'PTO SUMMARY 2027'!G69,'February 2027'!$AK:$AK) -> 0 | U69: 0 | V69: =P69+S69-T69 -> 26.666626 | W69: 0 | X69: 0 | Y69: =H69 -> 13.333313 | Z69: =SUMIF('March 2027'!$B:$B,'PTO SUMMARY 2027'!M69,'March 2027'!$AK:$AK) -> 0 | AA69: =V69+Y69-Z69 -> 39.999938 | AB69: 0 | AC69: 0 | AD69: 0 | AE69: =K69-AD69 -> 0 | AF69: 0 | AG69: =AE69-AF69 -> 0 | AH69: =H69 -> 13.333313 | AI69: =SUMIF('April 2027'!$B:$B,'PTO SUMMARY 2027'!V69,'April 2027'!$AK:$AK) -> 0 | AJ69: =AA69+AH69-AI69 -> 53.333251 | AK69: 0 | AL69: 0 | AM69: =H69 -> 13.333313 | AN69: =SUMIF('May 2027'!$B:$B,'PTO SUMMARY 2027'!AA69,'May 2027'!$AK:$AK) -> 0 | AO69: =ROUND((AJ69+AM69-AN69),2) -> 66.67 | AP69: 0 | AQ69: 0 | AR69: =H69 -> 13.333313 | AS69: =SUMIF('June 2027'!$B:$B,'PTO SUMMARY 2027'!AF69,'June 2027'!$AK:$AK) -> 0 | AT69: =AO69+AR69-AS69 -> 80.003313 | AU69: 0 | AV69: 0 | AW69: 0 | AX69: 0 | AY69: 0 | AZ69: =AX69-AY69 -> 0 | BA69: =H69 -> 13.333313 | BB69: =SUMIF('July 2027'!$B:$B,'PTO SUMMARY 2027'!AK69,'July 2027'!$AK:$AK) -> 0 | BC69: =AT69+BA69-BB69 -> 93.336626 | BD69: 0 | BE69: 0 | BF69: =H69 -> 13.333313 | BG69: =SUMIF('August 2027'!$B:$B,'PTO SUMMARY 2027'!AP69,'August 2027'!$AK:$AK) -> 0 | BH69: =BC69+BF69-BG69 -> 106.66994 | BI69: 0 | BJ69: 0 | BK69: =H69 -> 13.333313 | BL69: =SUMIF('September 2027'!$B:$B,'PTO SUMMARY 2027'!AU69,'September 2027'!$AK:$AK) -> 0 | BM69: =BH69+BK69-BL69 -> 120.00325 | BN69: 0 | BO69: 0 | BP69: 0 | BQ69: 0 | BR69: 0 | BS69: =BQ69-BR69 -> 0 | BT69: =H69 -> 13.333313 | BU69: =SUMIF('October 2027'!$B:$B,'PTO SUMMARY 2027'!BH69,'October 2027'!$AK:$AK) -> 0 | BV69: =BM69+BT69-BU69 -> 133.33656 | BW69: 0 | BX69: 0 | BY69: =H69 -> 13.333313 | BZ69: =SUMIF('November 2027'!$B:$B,'PTO SUMMARY 2027'!BM69,'November 2027'!$AK:$AK) -> 0 | CA69: =BV69+BY69-BZ69 -> 146.66988 | CB69: 0 | CC69: 0 | CD69: =H69 -> 13.333313 | CE69: =SUMIF('December 2027'!$B:$B,'PTO SUMMARY 2027'!$B:$B,'December 2027'!$AK:$AK) -> 0 | CF69: =CA69+CD69-CE69 -> 160.00319 | CG69: 0 | CH69: 0 | CI69: 0 | CJ69: 0 | CK69: 0 | CL69: 0 | CM69: 0 | CN69: =CK69+CL69-CM69 -> 0
A70: Lebenbaum, Allison | B70: A2PM | C70: APC | D70: Y | E70: OWA | F70: NWP | G70: 1 | H70: 0 | I70: 0 | J70: 0 | K70: 0 | L70: 0 | M70: 0 | N70: =H70 -> 0 | O70: =SUMIF('January 2027'!$B:$B,'PTO SUMMARY 2027'!B70,'January 2027'!$AK:$AK) -> 0 | P70: =L70+M70+N70-O70 -> 0 | Q70: 0 | R70: 0 | S70: =H70 -> 0 | T70: =SUMIF('February 2027'!$B:$B,'PTO SUMMARY 2027'!G70,'February 2027'!$AK:$AK) -> 0 | U70: 0 | V70: =P70+S70-T70 -> 0 | W70: 0 | X70: 0 | Y70: =H70 -> 0 | Z70: =SUMIF('March 2027'!$B:$B,'PTO SUMMARY 2027'!M70,'March 2027'!$AK:$AK) -> 0 | AA70: =V70+Y70-Z70 -> 0 | AB70: 0 | AC70: 0 | AD70: 0 | AE70: =K70-AD70 -> 0 | AF70: 0 | AG70: =AE70-AF70 -> 0 | AH70: =H70 -> 0 | AI70: =SUMIF('April 2027'!$B:$B,'PTO SUMMARY 2027'!V70,'April 2027'!$AK:$AK) -> 0 | AJ70: =AA70+AH70-AI70 -> 0 | AK70: 0 | AL70: 0 | AM70: =H70 -> 0 | AN70: =SUMIF('May 2027'!$B:$B,'PTO SUMMARY 2027'!AA70,'May 2027'!$AK:$AK) -> 0 | AO70: =ROUND((AJ70+AM70-AN70),2) -> 0 | AP70: 0 | AQ70: 0 | AR70: =H70 -> 0 | AS70: =SUMIF('June 2027'!$B:$B,'PTO SUMMARY 2027'!AF70,'June 2027'!$AK:$AK) -> 0 | AT70: =AO70+AR70-AS70 -> 0 | AU70: 0 | AV70: 0 | AW70: 0 | AX70: 0 | AY70: 0 | AZ70: =AX70-AY70 -> 0 | BA70: =H70 -> 0 | BB70: =SUMIF('July 2027'!$B:$B,'PTO SUMMARY 2027'!AK70,'July 2027'!$AK:$AK) -> 0 | BC70: =AT70+BA70-BB70 -> 0 | BD70: 0 | BE70: 0 | BF70: =H70 -> 0 | BG70: =SUMIF('August 2027'!$B:$B,'PTO SUMMARY 2027'!AP70,'August 2027'!$AK:$AK) -> 0 | BH70: =BC70+BF70-BG70 -> 0 | BI70: 0 | BJ70: 0 | BK70: =H70 -> 0 | BL70: =SUMIF('September 2027'!$B:$B,'PTO SUMMARY 2027'!AU70,'September 2027'!$AK:$AK) -> 0 | BM70: =BH70+BK70-BL70 -> 0 | BN70: 0 | BO70: 0 | BP70: 0 | BQ70: 0 | BR70: 0 | BS70: =BQ70-BR70 -> 0 | BT70: =H70 -> 0 | BU70: =SUMIF('October 2027'!$B:$B,'PTO SUMMARY 2027'!BH70,'October 2027'!$AK:$AK) -> 0 | BV70: =BM70+BT70-BU70 -> 0 | BW70: 0 | BX70: 0 | BY70: =H70 -> 0 | BZ70: =SUMIF('November 2027'!$B:$B,'PTO SUMMARY 2027'!BM70,'November 2027'!$AK:$AK) -> 0 | CA70: =BV70+BY70-BZ70 -> 0 | CB70: 0 | CC70: 0 | CD70: =H70 -> 0 | CE70: =SUMIF('December 2027'!$B:$B,'PTO SUMMARY 2027'!$B:$B,'December 2027'!$AK:$AK) -> 0 | CF70: =CA70+CD70-CE70 -> 0 | CG70: 0 | CH70: 0 | CI70: 0 | CJ70: 0 | CK70: 0 | CL70: 0 | CM70: 0 | CN70: =CK70+CL70-CM70 -> 0
A71: Lee, Stephanie | B71: A2PQ | C71: MD | D71: Y | E71: OWM | F71: OCMD | G71: 1 | H71: 0 | I71: 0 | J71: 0 | K71: 0 | L71: 0 | M71: 0 | N71: =H71 -> 0 | O71: =SUMIF('January 2027'!$B:$B,'PTO SUMMARY 2027'!B71,'January 2027'!$AK:$AK) -> 0 | P71: =L71+M71+N71-O71 -> 0 | Q71: 0 | R71: 0 | S71: =H71 -> 0 | T71: =SUMIF('February 2027'!$B:$B,'PTO SUMMARY 2027'!G71,'February 2027'!$AK:$AK) -> 0 | U71: 0 | V71: =P71+S71-T71 -> 0 | W71: 0 | X71: 0 | Y71: =H71 -> 0 | Z71: =SUMIF('March 2027'!$B:$B,'PTO SUMMARY 2027'!M71,'March 2027'!$AK:$AK) -> 0 | AA71: =V71+Y71-Z71 -> 0 | AB71: 0 | AC71: 0 | AD71: 0 | AE71: =K71-AD71 -> 0 | AF71: 0 | AG71: =AE71-AF71 -> 0 | AH71: =H71 -> 0 | AI71: =SUMIF('April 2027'!$B:$B,'PTO SUMMARY 2027'!V71,'April 2027'!$AK:$AK) -> 0 | AJ71: =AA71+AH71-AI71 -> 0 | AK71: 0 | AL71: 0 | AM71: =H71 -> 0 | AN71: =SUMIF('May 2027'!$B:$B,'PTO SUMMARY 2027'!AA71,'May 2027'!$AK:$AK) -> 0 | AO71: =ROUND((AJ71+AM71-AN71),2) -> 0 | AP71: 0 | AQ71: 0 | AR71: =H71 -> 0 | AS71: =SUMIF('June 2027'!$B:$B,'PTO SUMMARY 2027'!AF71,'June 2027'!$AK:$AK) -> 0 | AT71: =AO71+AR71-AS71 -> 0 | AU71: 0 | AV71: 0 | AW71: 0 | AX71: 0 | AY71: 0 | AZ71: =AX71-AY71 -> 0 | BA71: =H71 -> 0 | BB71: =SUMIF('July 2027'!$B:$B,'PTO SUMMARY 2027'!AK71,'July 2027'!$AK:$AK) -> 0 | BC71: =AT71+BA71-BB71 -> 0 | BD71: 0 | BE71: 0 | BF71: =H71 -> 0 | BG71: =SUMIF('August 2027'!$B:$B,'PTO SUMMARY 2027'!AP71,'August 2027'!$AK:$AK) -> 0 | BH71: =BC71+BF71-BG71 -> 0 | BI71: 0 | BJ71: 0 | BK71: =H71 -> 0 | BL71: =SUMIF('September 2027'!$B:$B,'PTO SUMMARY 2027'!AU71,'September 2027'!$AK:$AK) -> 0 | BM71: =BH71+BK71-BL71 -> 0 | BN71: 0 | BO71: 0 | BP71: 0 | BQ71: 0 | BR71: 0 | BS71: =BQ71-BR71 -> 0 | BT71: =H71 -> 0 | BU71: =SUMIF('October 2027'!$B:$B,'PTO SUMMARY 2027'!BH71,'October 2027'!$AK:$AK) -> 0 | BV71: =BM71+BT71-BU71 -> 0 | BW71: 0 | BX71: 0 | BY71: =H71 -> 0 | BZ71: =SUMIF('November 2027'!$B:$B,'PTO SUMMARY 2027'!BM71,'November 2027'!$AK:$AK) -> 0 | CA71: =BV71+BY71-BZ71 -> 0 | CB71: 0 | CC71: 0 | CD71: =H71 -> 0 | CE71: =SUMIF('December 2027'!$B:$B,'PTO SUMMARY 2027'!$B:$B,'December 2027'!$AK:$AK) -> 0 | CF71: =CA71+CD71-CE71 -> 0 | CG71: 0 | CH71: 0 | CI71: 0 | CJ71: 0 | CK71: 0 | CL71: 0 | CM71: 0 | CN71: =CK71+CL71-CM71 -> 0
A72: Lewis, Megan | B72: A2Q4 | C72: APC | E72: SMA | F72: PKmid | G72: 0.9 | H72: =((G72*86.67)*2)*(SUMIF('Accrual Rates'!B:B,'PTO SUMMARY 2027'!B72,'Accrual Rates'!G:G)) -> 11.999982 | I72: 0 | J72: 0 | K72: 0 | L72: 0 | M72: 0 | N72: =H72 -> 11.999982 | O72: =SUMIF('January 2027'!$B:$B,'PTO SUMMARY 2027'!B72,'January 2027'!$AK:$AK) -> 0 | P72: =L72+M72+N72-O72 -> 11.999982 | Q72: 0 | R72: 0 | S72: =H72 -> 11.999982 | T72: =SUMIF('February 2027'!$B:$B,'PTO SUMMARY 2027'!G72,'February 2027'!$AK:$AK) -> 0 | U72: 0 | V72: =P72+S72-T72 -> 23.999963 | W72: 0 | X72: 0 | Y72: =H72 -> 11.999982 | Z72: =SUMIF('March 2027'!$B:$B,'PTO SUMMARY 2027'!M72,'March 2027'!$AK:$AK) -> 0 | AA72: =V72+Y72-Z72 -> 35.999945 | AB72: 0 | AC72: 0 | AD72: 0 | AE72: =K72-AD72 -> 0 | AF72: 0 | AG72: =AE72-AF72 -> 0 | AH72: =H72 -> 11.999982 | AI72: =SUMIF('April 2027'!$B:$B,'PTO SUMMARY 2027'!V72,'April 2027'!$AK:$AK) -> 0 | AJ72: =AA72+AH72-AI72 -> 47.999926 | AK72: 0 | AL72: 0 | AM72: =H72 -> 11.999982 | AN72: =SUMIF('May 2027'!$B:$B,'PTO SUMMARY 2027'!AA72,'May 2027'!$AK:$AK) -> 0 | AO72: =ROUND((AJ72+AM72-AN72),2) -> 60 | AP72: 0 | AQ72: 0 | AR72: =H72 -> 11.999982 | AS72: =SUMIF('June 2027'!$B:$B,'PTO SUMMARY 2027'!AF72,'June 2027'!$AK:$AK) -> 0 | AT72: =AO72+AR72-AS72 -> 71.999982 | AU72: 0 | AV72: 0 | AW72: 0 | AX72: 0 | AY72: 0 | AZ72: =AX72-AY72 -> 0 | BA72: =H72 -> 11.999982 | BB72: =SUMIF('July 2027'!$B:$B,'PTO SUMMARY 2027'!AK72,'July 2027'!$AK:$AK) -> 0 | BC72: =AT72+BA72-BB72 -> 83.999963 | BD72: 0 | BE72: 0 | BF72: =H72 -> 11.999982 | BG72: =SUMIF('August 2027'!$B:$B,'PTO SUMMARY 2027'!AP72,'August 2027'!$AK:$AK) -> 0 | BH72: =BC72+BF72-BG72 -> 95.999945 | BI72: 0 | BJ72: 0 | BK72: =H72 -> 11.999982 | BL72: =SUMIF('September 2027'!$B:$B,'PTO SUMMARY 2027'!AU72,'September 2027'!$AK:$AK) -> 0 | BM72: =BH72+BK72-BL72 -> 107.99993 | BN72: 0 | BO72: 0 | BP72: 0 | BQ72: 0 | BR72: 0 | BS72: =BQ72-BR72 -> 0 | BT72: =H72 -> 11.999982 | BU72: =SUMIF('October 2027'!$B:$B,'PTO SUMMARY 2027'!BH72,'October 2027'!$AK:$AK) -> 0 | BV72: =BM72+BT72-BU72 -> 119.99991 | BW72: 0 | BX72: 0 | BY72: =H72 -> 11.999982 | BZ72: =SUMIF('November 2027'!$B:$B,'PTO SUMMARY 2027'!BM72,'November 2027'!$AK:$AK) -> 0 | CA72: =BV72+BY72-BZ72 -> 131.99989 | CB72: 0 | CC72: 0 | CD72: =H72 -> 11.999982 | CE72: =SUMIF('December 2027'!$B:$B,'PTO SUMMARY 2027'!$B:$B,'December 2027'!$AK:$AK) -> 0 | CF72: =CA72+CD72-CE72 -> 143.99987 | CG72: 0 | CH72: 0 | CI72: 0 | CJ72: 0 | CK72: 0 | CL72: 0 | CM72: 0 | CN72: =CK72+CL72-CM72 -> 0
A73: Lin, Jennifer | B73: A2QC | C73: MD | D73: Y | E73: OWM | F73: TN | G73: 1 | H73: 0 | I73: 0 | J73: 0 | K73: 0 | L73: 0 | M73: 0 | N73: =H73 -> 0 | O73: =SUMIF('January 2027'!$B:$B,'PTO SUMMARY 2027'!B73,'January 2027'!$AK:$AK) -> 0 | P73: =L73+M73+N73-O73 -> 0 | Q73: 0 | R73: 0 | S73: =H73 -> 0 | T73: =SUMIF('February 2027'!$B:$B,'PTO SUMMARY 2027'!G73,'February 2027'!$AK:$AK) -> 0 | U73: 0 | V73: =P73+S73-T73 -> 0 | W73: 0 | X73: 0 | Y73: =H73 -> 0 | Z73: =SUMIF('March 2027'!$B:$B,'PTO SUMMARY 2027'!M73,'March 2027'!$AK:$AK) -> 0 | AA73: =V73+Y73-Z73 -> 0 | AB73: 0 | AC73: 0 | AD73: 0 | AE73: =K73-AD73 -> 0 | AF73: 0 | AG73: =AE73-AF73 -> 0 | AH73: =H73 -> 0 | AI73: =SUMIF('April 2027'!$B:$B,'PTO SUMMARY 2027'!V73,'April 2027'!$AK:$AK) -> 0 | AJ73: =AA73+AH73-AI73 -> 0 | AK73: 0 | AL73: 0 | AM73: =H73 -> 0 | AN73: =SUMIF('May 2027'!$B:$B,'PTO SUMMARY 2027'!AA73,'May 2027'!$AK:$AK) -> 0 | AO73: =ROUND((AJ73+AM73-AN73),2) -> 0 | AP73: 0 | AQ73: 0 | AR73: =H73 -> 0 | AS73: =SUMIF('June 2027'!$B:$B,'PTO SUMMARY 2027'!AF73,'June 2027'!$AK:$AK) -> 0 | AT73: =AO73+AR73-AS73 -> 0 | AU73: 0 | AV73: 0 | AW73: 0 | AX73: 0 | AY73: 0 | AZ73: =AX73-AY73 -> 0 | BA73: =H73 -> 0 | BB73: =SUMIF('July 2027'!$B:$B,'PTO SUMMARY 2027'!AK73,'July 2027'!$AK:$AK) -> 0 | BC73: =AT73+BA73-BB73 -> 0 | BD73: 0 | BE73: 0 | BF73: =H73 -> 0 | BG73: =SUMIF('August 2027'!$B:$B,'PTO SUMMARY 2027'!AP73,'August 2027'!$AK:$AK) -> 0 | BH73: =BC73+BF73-BG73 -> 0 | BI73: 0 | BJ73: 0 | BK73: =H73 -> 0 | BL73: =SUMIF('September 2027'!$B:$B,'PTO SUMMARY 2027'!AU73,'September 2027'!$AK:$AK) -> 0 | BM73: =BH73+BK73-BL73 -> 0 | BN73: 0 | BO73: 0 | BP73: 0 | BQ73: 0 | BR73: 0 | BS73: =BQ73-BR73 -> 0 | BT73: =H73 -> 0 | BU73: =SUMIF('October 2027'!$B:$B,'PTO SUMMARY 2027'!BH73,'October 2027'!$AK:$AK) -> 0 | BV73: =BM73+BT73-BU73 -> 0 | BW73: 0 | BX73: 0 | BY73: =H73 -> 0 | BZ73: =SUMIF('November 2027'!$B:$B,'PTO SUMMARY 2027'!BM73,'November 2027'!$AK:$AK) -> 0 | CA73: =BV73+BY73-BZ73 -> 0 | CB73: 0 | CC73: 0 | CD73: =H73 -> 0 | CE73: =SUMIF('December 2027'!$B:$B,'PTO SUMMARY 2027'!$B:$B,'December 2027'!$AK:$AK) -> 0 | CF73: =CA73+CD73-CE73 -> 0 | CG73: 0 | CH73: 0 | CI73: 0 | CJ73: 0 | CK73: 0 | CL73: 0 | CM73: 0 | CN73: =CK73+CL73-CM73 -> 0
A74: Lindwall, Jody | B74: A2QF | C74: APC | D74: Y | E74: OWA | F74: TN | G74: 1 | H74: 0 | I74: 0 | J74: 0 | K74: 0 | L74: 0 | M74: 0 | N74: =H74 -> 0 | O74: =SUMIF('January 2027'!$B:$B,'PTO SUMMARY 2027'!B74,'January 2027'!$AK:$AK) -> 0 | P74: =L74+M74+N74-O74 -> 0 | Q74: 0 | R74: 0 | S74: =H74 -> 0 | T74: =SUMIF('February 2027'!$B:$B,'PTO SUMMARY 2027'!G74,'February 2027'!$AK:$AK) -> 0 | U74: 0 | V74: =P74+S74-T74 -> 0 | W74: 0 | X74: 0 | Y74: =H74 -> 0 | Z74: =SUMIF('March 2027'!$B:$B,'PTO SUMMARY 2027'!M74,'March 2027'!$AK:$AK) -> 0 | AA74: =V74+Y74-Z74 -> 0 | AB74: 0 | AC74: 0 | AD74: 0 | AE74: =K74-AD74 -> 0 | AF74: 0 | AG74: =AE74-AF74 -> 0 | AH74: =H74 -> 0 | AI74: =SUMIF('April 2027'!$B:$B,'PTO SUMMARY 2027'!V74,'April 2027'!$AK:$AK) -> 0 | AJ74: =AA74+AH74-AI74 -> 0 | AK74: 0 | AL74: 0 | AM74: =H74 -> 0 | AN74: =SUMIF('May 2027'!$B:$B,'PTO SUMMARY 2027'!AA74,'May 2027'!$AK:$AK) -> 0 | AO74: =ROUND((AJ74+AM74-AN74),2) -> 0 | AP74: 0 | AQ74: 0 | AR74: =H74 -> 0 | AS74: =SUMIF('June 2027'!$B:$B,'PTO SUMMARY 2027'!AF74,'June 2027'!$AK:$AK) -> 0 | AT74: =AO74+AR74-AS74 -> 0 | AU74: 0 | AV74: 0 | AW74: 0 | AX74: 0 | AY74: 0 | AZ74: =AX74-AY74 -> 0 | BA74: =H74 -> 0 | BB74: =SUMIF('July 2027'!$B:$B,'PTO SUMMARY 2027'!AK74,'July 2027'!$AK:$AK) -> 0 | BC74: =AT74+BA74-BB74 -> 0 | BD74: 0 | BE74: 0 | BF74: =H74 -> 0 | BG74: =SUMIF('August 2027'!$B:$B,'PTO SUMMARY 2027'!AP74,'August 2027'!$AK:$AK) -> 0 | BH74: =BC74+BF74-BG74 -> 0 | BI74: 0 | BJ74: 0 | BK74: =H74 -> 0 | BL74: =SUMIF('September 2027'!$B:$B,'PTO SUMMARY 2027'!AU74,'September 2027'!$AK:$AK) -> 0 | BM74: =BH74+BK74-BL74 -> 0 | BN74: 0 | BO74: 0 | BP74: 0 | BQ74: 0 | BR74: 0 | BS74: =BQ74-BR74 -> 0 | BT74: =H74 -> 0 | BU74: =SUMIF('October 2027'!$B:$B,'PTO SUMMARY 2027'!BH74,'October 2027'!$AK:$AK) -> 0 | BV74: =BM74+BT74-BU74 -> 0 | BW74: 0 | BX74: 0 | BY74: =H74 -> 0 | BZ74: =SUMIF('November 2027'!$B:$B,'PTO SUMMARY 2027'!BM74,'November 2027'!$AK:$AK) -> 0 | CA74: =BV74+BY74-BZ74 -> 0 | CB74: 0 | CC74: 0 | CD74: =H74 -> 0 | CE74: =SUMIF('December 2027'!$B:$B,'PTO SUMMARY 2027'!$B:$B,'December 2027'!$AK:$AK) -> 0 | CF74: =CA74+CD74-CE74 -> 0 | CG74: 0 | CH74: 0 | CI74: 0 | CJ74: 0 | CK74: 0 | CL74: 0 | CM74: 0 | CN74: =CK74+CL74-CM74 -> 0
A75: Lohr, Dafna | B75: A2QO | C75: MD | D75: Y | E75: OWM | F75: BR | G75: 1 | H75: 0 | I75: 0 | J75: 0 | K75: 0 | L75: 0 | M75: 0 | N75: =H75 -> 0 | O75: =SUMIF('January 2027'!$B:$B,'PTO SUMMARY 2027'!B75,'January 2027'!$AK:$AK) -> 0 | P75: =L75+M75+N75-O75 -> 0 | Q75: 0 | R75: 0 | S75: =H75 -> 0 | T75: =SUMIF('February 2027'!$B:$B,'PTO SUMMARY 2027'!G75,'February 2027'!$AK:$AK) -> 0 | U75: 0 | V75: =P75+S75-T75 -> 0 | W75: 0 | X75: 0 | Y75: =H75 -> 0 | Z75: =SUMIF('March 2027'!$B:$B,'PTO SUMMARY 2027'!M75,'March 2027'!$AK:$AK) -> 0 | AA75: =V75+Y75-Z75 -> 0 | AB75: 0 | AC75: 0 | AD75: 0 | AE75: =K75-AD75 -> 0 | AF75: 0 | AG75: =AE75-AF75 -> 0 | AH75: =H75 -> 0 | AI75: =SUMIF('April 2027'!$B:$B,'PTO SUMMARY 2027'!V75,'April 2027'!$AK:$AK) -> 0 | AJ75: =AA75+AH75-AI75 -> 0 | AK75: 0 | AL75: 0 | AM75: =H75 -> 0 | AN75: =SUMIF('May 2027'!$B:$B,'PTO SUMMARY 2027'!AA75,'May 2027'!$AK:$AK) -> 0 | AO75: =ROUND((AJ75+AM75-AN75),2) -> 0 | AP75: 0 | AQ75: 0 | AR75: =H75 -> 0 | AS75: =SUMIF('June 2027'!$B:$B,'PTO SUMMARY 2027'!AF75,'June 2027'!$AK:$AK) -> 0 | AT75: =AO75+AR75-AS75 -> 0 | AU75: 0 | AV75: 0 | AW75: 0 | AX75: 0 | AY75: 0 | AZ75: =AX75-AY75 -> 0 | BA75: =H75 -> 0 | BB75: =SUMIF('July 2027'!$B:$B,'PTO SUMMARY 2027'!AK75,'July 2027'!$AK:$AK) -> 0 | BC75: =AT75+BA75-BB75 -> 0 | BD75: 0 | BE75: 0 | BF75: =H75 -> 0 | BG75: =SUMIF('August 2027'!$B:$B,'PTO SUMMARY 2027'!AP75,'August 2027'!$AK:$AK) -> 0 | BH75: =BC75+BF75-BG75 -> 0 | BI75: 0 | BJ75: 0 | BK75: =H75 -> 0 | BL75: =SUMIF('September 2027'!$B:$B,'PTO SUMMARY 2027'!AU75,'September 2027'!$AK:$AK) -> 0 | BM75: =BH75+BK75-BL75 -> 0 | BN75: 0 | BO75: 0 | BP75: 0 | BQ75: 0 | BR75: 0 | BS75: =BQ75-BR75 -> 0 | BT75: =H75 -> 0 | BU75: =SUMIF('October 2027'!$B:$B,'PTO SUMMARY 2027'!BH75,'October 2027'!$AK:$AK) -> 0 | BV75: =BM75+BT75-BU75 -> 0 | BW75: 0 | BX75: 0 | BY75: =H75 -> 0 | BZ75: =SUMIF('November 2027'!$B:$B,'PTO SUMMARY 2027'!BM75,'November 2027'!$AK:$AK) -> 0 | CA75: =BV75+BY75-BZ75 -> 0 | CB75: 0 | CC75: 0 | CD75: =H75 -> 0 | CE75: =SUMIF('December 2027'!$B:$B,'PTO SUMMARY 2027'!$B:$B,'December 2027'!$AK:$AK) -> 0 | CF75: =CA75+CD75-CE75 -> 0 | CG75: 0 | CH75: 0 | CI75: 0 | CJ75: 0 | CK75: 0 | CL75: 0 | CM75: 0 | CN75: =CK75+CL75-CM75 -> 0
A76: Lomeli, Lynsey | B76: A3N7 | C76: APC | E76: SMA | F76: BH | G76: 1 | H76: =((G76*86.67)*2)*(SUMIF('Accrual Rates'!B:B,'PTO SUMMARY 2027'!B76,'Accrual Rates'!G:G)) -> 13.333313 | I76: 0 | J76: 0 | K76: 0 | L76: 0 | M76: 0 | N76: =H76 -> 13.333313 | O76: =SUMIF('January 2027'!$B:$B,'PTO SUMMARY 2027'!B76,'January 2027'!$AK:$AK) -> 0 | P76: =L76+M76+N76-O76 -> 13.333313 | Q76: 0 | R76: 0 | S76: =H76 -> 13.333313 | T76: =SUMIF('February 2027'!$B:$B,'PTO SUMMARY 2027'!G76,'February 2027'!$AK:$AK) -> 0 | U76: 0 | V76: =P76+S76-T76 -> 26.666626 | W76: 0 | X76: 0 | Y76: =H76 -> 13.333313 | Z76: =SUMIF('March 2027'!$B:$B,'PTO SUMMARY 2027'!M76,'March 2027'!$AK:$AK) -> 0 | AA76: =V76+Y76-Z76 -> 39.999938 | AB76: 0 | AC76: 0 | AD76: 0 | AE76: =K76-AD76 -> 0 | AF76: 0 | AG76: =AE76-AF76 -> 0 | AH76: =H76 -> 13.333313 | AI76: =SUMIF('April 2027'!$B:$B,'PTO SUMMARY 2027'!V76,'April 2027'!$AK:$AK) -> 0 | AJ76: =AA76+AH76-AI76 -> 53.333251 | AK76: 0 | AL76: 0 | AM76: =H76 -> 13.333313 | AN76: =SUMIF('May 2027'!$B:$B,'PTO SUMMARY 2027'!AA76,'May 2027'!$AK:$AK) -> 0 | AO76: =ROUND((AJ76+AM76-AN76),2) -> 66.67 | AP76: 0 | AQ76: 0 | AR76: =H76 -> 13.333313 | AS76: =SUMIF('June 2027'!$B:$B,'PTO SUMMARY 2027'!AF76,'June 2027'!$AK:$AK) -> 0 | AT76: =AO76+AR76-AS76 -> 80.003313 | AU76: 0 | AV76: 0 | AW76: 0 | AX76: 0 | AY76: 0 | AZ76: =AX76-AY76 -> 0 | BA76: =H76 -> 13.333313 | BB76: =SUMIF('July 2027'!$B:$B,'PTO SUMMARY 2027'!AK76,'July 2027'!$AK:$AK) -> 0 | BC76: =AT76+BA76-BB76 -> 93.336626 | BD76: 0 | BE76: 0 | BF76: =H76 -> 13.333313 | BG76: =SUMIF('August 2027'!$B:$B,'PTO SUMMARY 2027'!AP76,'August 2027'!$AK:$AK) -> 0 | BH76: =BC76+BF76-BG76 -> 106.66994 | BI76: 0 | BJ76: 0 | BK76: =H76 -> 13.333313 | BL76: =SUMIF('September 2027'!$B:$B,'PTO SUMMARY 2027'!AU76,'September 2027'!$AK:$AK) -> 0 | BM76: =BH76+BK76-BL76 -> 120.00325 | BN76: 0 | BO76: 0 | BP76: 0 | BQ76: 0 | BR76: 0 | BS76: =BQ76-BR76 -> 0 | BT76: =H76 -> 13.333313 | BU76: =SUMIF('October 2027'!$B:$B,'PTO SUMMARY 2027'!BH76,'October 2027'!$AK:$AK) -> 0 | BV76: =BM76+BT76-BU76 -> 133.33656 | BW76: 0 | BX76: 0 | BY76: =H76 -> 13.333313 | BZ76: =SUMIF('November 2027'!$B:$B,'PTO SUMMARY 2027'!BM76,'November 2027'!$AK:$AK) -> 0 | CA76: =BV76+BY76-BZ76 -> 146.66988 | CB76: 0 | CC76: 0 | CD76: =H76 -> 13.333313 | CE76: =SUMIF('December 2027'!$B:$B,'PTO SUMMARY 2027'!$B:$B,'December 2027'!$AK:$AK) -> 0 | CF76: =CA76+CD76-CE76 -> 160.00319 | CG76: 0 | CH76: 0 | CI76: 0 | CJ76: 0 | CK76: 0 | CL76: 0 | CM76: 0 | CN76: =CK76+CL76-CM76 -> 0
A77: Ma, Shirley | B77: A2RL | C77: APC | E77: SMA | F77: GW | G77: 0.9 | H77: =((G77*86.67)*2)*(SUMIF('Accrual Rates'!B:B,'PTO SUMMARY 2027'!B77,'Accrual Rates'!G:G)) -> 11.999982 | I77: 0 | J77: 0 | K77: 0 | L77: 0 | M77: 0 | N77: =H77 -> 11.999982 | O77: =SUMIF('January 2027'!$B:$B,'PTO SUMMARY 2027'!B77,'January 2027'!$AK:$AK) -> 0 | P77: =L77+M77+N77-O77 -> 11.999982 | Q77: 0 | R77: 0 | S77: =H77 -> 11.999982 | T77: =SUMIF('February 2027'!$B:$B,'PTO SUMMARY 2027'!G77,'February 2027'!$AK:$AK) -> 0 | U77: 0 | V77: =P77+S77-T77 -> 23.999963 | W77: 0 | X77: 0 | Y77: =H77 -> 11.999982 | Z77: =SUMIF('March 2027'!$B:$B,'PTO SUMMARY 2027'!M77,'March 2027'!$AK:$AK) -> 0 | AA77: =V77+Y77-Z77 -> 35.999945 | AB77: 0 | AC77: 0 | AD77: 0 | AE77: =K77-AD77 -> 0 | AF77: 0 | AG77: =AE77-AF77 -> 0 | AH77: =H77 -> 11.999982 | AI77: =SUMIF('April 2027'!$B:$B,'PTO SUMMARY 2027'!V77,'April 2027'!$AK:$AK) -> 0 | AJ77: =AA77+AH77-AI77 -> 47.999926 | AK77: 0 | AL77: 0 | AM77: =H77 -> 11.999982 | AN77: =SUMIF('May 2027'!$B:$B,'PTO SUMMARY 2027'!AA77,'May 2027'!$AK:$AK) -> 0 | AO77: =ROUND((AJ77+AM77-AN77),2) -> 60 | AP77: 0 | AQ77: 0 | AR77: =H77 -> 11.999982 | AS77: =SUMIF('June 2027'!$B:$B,'PTO SUMMARY 2027'!AF77,'June 2027'!$AK:$AK) -> 0 | AT77: =AO77+AR77-AS77 -> 71.999982 | AU77: 0 | AV77: 0 | AW77: 0 | AX77: 0 | AY77: 0 | AZ77: =AX77-AY77 -> 0 | BA77: =H77 -> 11.999982 | BB77: =SUMIF('July 2027'!$B:$B,'PTO SUMMARY 2027'!AK77,'July 2027'!$AK:$AK) -> 0 | BC77: =AT77+BA77-BB77 -> 83.999963 | BD77: 0 | BE77: 0 | BF77: =H77 -> 11.999982 | BG77: =SUMIF('August 2027'!$B:$B,'PTO SUMMARY 2027'!AP77,'August 2027'!$AK:$AK) -> 0 | BH77: =BC77+BF77-BG77 -> 95.999945 | BI77: 0 | BJ77: 0 | BK77: =H77 -> 11.999982 | BL77: =SUMIF('September 2027'!$B:$B,'PTO SUMMARY 2027'!AU77,'September 2027'!$AK:$AK) -> 0 | BM77: =BH77+BK77-BL77 -> 107.99993 | BN77: 0 | BO77: 0 | BP77: 0 | BQ77: 0 | BR77: 0 | BS77: =BQ77-BR77 -> 0 | BT77: =H77 -> 11.999982 | BU77: =SUMIF('October 2027'!$B:$B,'PTO SUMMARY 2027'!BH77,'October 2027'!$AK:$AK) -> 0 | BV77: =BM77+BT77-BU77 -> 119.99991 | BW77: 0 | BX77: 0 | BY77: =H77 -> 11.999982 | BZ77: =SUMIF('November 2027'!$B:$B,'PTO SUMMARY 2027'!BM77,'November 2027'!$AK:$AK) -> 0 | CA77: =BV77+BY77-BZ77 -> 131.99989 | CB77: 0 | CC77: 0 | CD77: =H77 -> 11.999982 | CE77: =SUMIF('December 2027'!$B:$B,'PTO SUMMARY 2027'!$B:$B,'December 2027'!$AK:$AK) -> 0 | CF77: =CA77+CD77-CE77 -> 143.99987 | CG77: 0 | CH77: 0 | CI77: 0 | CJ77: 0 | CK77: 0 | CL77: 0 | CM77: 0 | CN77: =CK77+CL77-CM77 -> 0
A78: MacKenzie, Lauren | B78: A2RS | C78: APC | D78: Y | E78: OWA | F78: GW | G78: 0.8 | H78: 0 | I78: 0 | J78: 0 | K78: 0 | L78: 0 | M78: 0 | N78: =H78 -> 0 | O78: =SUMIF('January 2027'!$B:$B,'PTO SUMMARY 2027'!B78,'January 2027'!$AK:$AK) -> 8 | P78: =L78+M78+N78-O78 -> -8 | Q78: 0 | R78: 0 | S78: =H78 -> 0 | T78: =SUMIF('February 2027'!$B:$B,'PTO SUMMARY 2027'!G78,'February 2027'!$AK:$AK) -> 0 | U78: 0 | V78: =P78+S78-T78 -> -8 | W78: 0 | X78: 0 | Y78: =H78 -> 0 | Z78: =SUMIF('March 2027'!$B:$B,'PTO SUMMARY 2027'!M78,'March 2027'!$AK:$AK) -> 0 | AA78: =V78+Y78-Z78 -> -8 | AB78: 0 | AC78: 0 | AD78: 0 | AE78: =K78-AD78 -> 0 | AF78: 0 | AG78: =AE78-AF78 -> 0 | AH78: =H78 -> 0 | AI78: =SUMIF('April 2027'!$B:$B,'PTO SUMMARY 2027'!V78,'April 2027'!$AK:$AK) -> 0 | AJ78: =AA78+AH78-AI78 -> -8 | AK78: 0 | AL78: 0 | AM78: =H78 -> 0 | AN78: =SUMIF('May 2027'!$B:$B,'PTO SUMMARY 2027'!AA78,'May 2027'!$AK:$AK) -> 0 | AO78: =ROUND((AJ78+AM78-AN78),2) -> -8 | AP78: 0 | AQ78: 0 | AR78: =H78 -> 0 | AS78: =SUMIF('June 2027'!$B:$B,'PTO SUMMARY 2027'!AF78,'June 2027'!$AK:$AK) -> 0 | AT78: =AO78+AR78-AS78 -> -8 | AU78: 0 | AV78: 0 | AW78: 0 | AX78: 0 | AY78: 0 | AZ78: =AX78-AY78 -> 0 | BA78: =H78 -> 0 | BB78: =SUMIF('July 2027'!$B:$B,'PTO SUMMARY 2027'!AK78,'July 2027'!$AK:$AK) -> 0 | BC78: =AT78+BA78-BB78 -> -8 | BD78: 0 | BE78: 0 | BF78: =H78 -> 0 | BG78: =SUMIF('August 2027'!$B:$B,'PTO SUMMARY 2027'!AP78,'August 2027'!$AK:$AK) -> 0 | BH78: =BC78+BF78-BG78 -> -8 | BI78: 0 | BJ78: 0 | BK78: =H78 -> 0 | BL78: =SUMIF('September 2027'!$B:$B,'PTO SUMMARY 2027'!AU78,'September 2027'!$AK:$AK) -> 0 | BM78: =BH78+BK78-BL78 -> -8 | BN78: 0 | BO78: 0 | BP78: 0 | BQ78: 0 | BR78: 0 | BS78: =BQ78-BR78 -> 0 | BT78: =H78 -> 0 | BU78: =SUMIF('October 2027'!$B:$B,'PTO SUMMARY 2027'!BH78,'October 2027'!$AK:$AK) -> 0 | BV78: =BM78+BT78-BU78 -> -8 | BW78: 0 | BX78: 0 | BY78: =H78 -> 0 | BZ78: =SUMIF('November 2027'!$B:$B,'PTO SUMMARY 2027'!BM78,'November 2027'!$AK:$AK) -> 0 | CA78: =BV78+BY78-BZ78 -> -8 | CB78: 0 | CC78: 0 | CD78: =H78 -> 0 | CE78: =SUMIF('December 2027'!$B:$B,'PTO SUMMARY 2027'!$B:$B,'December 2027'!$AK:$AK) -> 0 | CF78: =CA78+CD78-CE78 -> -8 | CG78: 0 | CH78: 0 | CI78: 0 | CJ78: 0 | CK78: 0 | CL78: 0 | CM78: 0 | CN78: =CK78+CL78-CM78 -> 0
A79: Manewal, Monica | B79: A2SB | C79: APC | E79: SMA | F79: BH | G79: 1 | H79: =((G79*86.67)*2)*(SUMIF('Accrual Rates'!B:B,'PTO SUMMARY 2027'!B79,'Accrual Rates'!G:G)) -> 13.333313 | I79: 0 | J79: 0 | K79: 0 | L79: 0 | M79: 0 | N79: =H79 -> 13.333313 | O79: =SUMIF('January 2027'!$B:$B,'PTO SUMMARY 2027'!B79,'January 2027'!$AK:$AK) -> 0 | P79: =L79+M79+N79-O79 -> 13.333313 | Q79: 0 | R79: 0 | S79: =H79 -> 13.333313 | T79: =SUMIF('February 2027'!$B:$B,'PTO SUMMARY 2027'!G79,'February 2027'!$AK:$AK) -> 0 | U79: 0 | V79: =P79+S79-T79 -> 26.666626 | W79: 0 | X79: 0 | Y79: =H79 -> 13.333313 | Z79: =SUMIF('March 2027'!$B:$B,'PTO SUMMARY 2027'!M79,'March 2027'!$AK:$AK) -> 0 | AA79: =V79+Y79-Z79 -> 39.999938 | AB79: 0 | AC79: 0 | AD79: 0 | AE79: =K79-AD79 -> 0 | AF79: 0 | AG79: =AE79-AF79 -> 0 | AH79: =H79 -> 13.333313 | AI79: =SUMIF('April 2027'!$B:$B,'PTO SUMMARY 2027'!V79,'April 2027'!$AK:$AK) -> 0 | AJ79: =AA79+AH79-AI79 -> 53.333251 | AK79: 0 | AL79: 0 | AM79: =H79 -> 13.333313 | AN79: =SUMIF('May 2027'!$B:$B,'PTO SUMMARY 2027'!AA79,'May 2027'!$AK:$AK) -> 0 | AO79: =ROUND((AJ79+AM79-AN79),2) -> 66.67 | AP79: 0 | AQ79: 0 | AR79: =H79 -> 13.333313 | AS79: =SUMIF('June 2027'!$B:$B,'PTO SUMMARY 2027'!AF79,'June 2027'!$AK:$AK) -> 0 | AT79: =AO79+AR79-AS79 -> 80.003313 | AU79: 0 | AV79: 0 | AW79: 0 | AX79: 0 | AY79: 0 | AZ79: =AX79-AY79 -> 0 | BA79: =H79 -> 13.333313 | BB79: =SUMIF('July 2027'!$B:$B,'PTO SUMMARY 2027'!AK79,'July 2027'!$AK:$AK) -> 0 | BC79: =AT79+BA79-BB79 -> 93.336626 | BD79: 0 | BE79: 0 | BF79: =H79 -> 13.333313 | BG79: =SUMIF('August 2027'!$B:$B,'PTO SUMMARY 2027'!AP79,'August 2027'!$AK:$AK) -> 0 | BH79: =BC79+BF79-BG79 -> 106.66994 | BI79: 0 | BJ79: 0 | BK79: =H79 -> 13.333313 | BL79: =SUMIF('September 2027'!$B:$B,'PTO SUMMARY 2027'!AU79,'September 2027'!$AK:$AK) -> 0 | BM79: =BH79+BK79-BL79 -> 120.00325 | BN79: 0 | BO79: 0 | BP79: 0 | BQ79: 0 | BR79: 0 | BS79: =BQ79-BR79 -> 0 | BT79: =H79 -> 13.333313 | BU79: =SUMIF('October 2027'!$B:$B,'PTO SUMMARY 2027'!BH79,'October 2027'!$AK:$AK) -> 0 | BV79: =BM79+BT79-BU79 -> 133.33656 | BW79: 0 | BX79: 0 | BY79: =H79 -> 13.333313 | BZ79: =SUMIF('November 2027'!$B:$B,'PTO SUMMARY 2027'!BM79,'November 2027'!$AK:$AK) -> 0 | CA79: =BV79+BY79-BZ79 -> 146.66988 | CB79: 0 | CC79: 0 | CD79: =H79 -> 13.333313 | CE79: =SUMIF('December 2027'!$B:$B,'PTO SUMMARY 2027'!$B:$B,'December 2027'!$AK:$AK) -> 0 | CF79: =CA79+CD79-CE79 -> 160.00319 | CG79: 0 | CH79: 0 | CI79: 0 | CJ79: 0 | CK79: 0 | CL79: 0 | CM79: 0 | CN79: =CK79+CL79-CM79 -> 0
A80: Martinez, Alyssa | B80: A2ST | C80: APC | E80: SMA | F80: PKmid | G80: 0.8 | H80: =((G80*86.67)*2)*(SUMIF('Accrual Rates'!B:B,'PTO SUMMARY 2027'!B80,'Accrual Rates'!G:G)) -> 10.66665 | I80: 0 | J80: 0 | K80: 0 | L80: 0 | M80: 0 | N80: =H80 -> 10.66665 | O80: =SUMIF('January 2027'!$B:$B,'PTO SUMMARY 2027'!B80,'January 2027'!$AK:$AK) -> 0 | P80: =L80+M80+N80-O80 -> 10.66665 | Q80: 0 | R80: 0 | S80: =H80 -> 10.66665 | T80: =SUMIF('February 2027'!$B:$B,'PTO SUMMARY 2027'!G80,'February 2027'!$AK:$AK) -> 0 | U80: 0 | V80: =P80+S80-T80 -> 21.3333 | W80: 0 | X80: 0 | Y80: =H80 -> 10.66665 | Z80: =SUMIF('March 2027'!$B:$B,'PTO SUMMARY 2027'!M80,'March 2027'!$AK:$AK) -> 0 | AA80: =V80+Y80-Z80 -> 31.999951 | AB80: 0 | AC80: 0 | AD80: 0 | AE80: =K80-AD80 -> 0 | AF80: 0 | AG80: =AE80-AF80 -> 0 | AH80: =H80 -> 10.66665 | AI80: =SUMIF('April 2027'!$B:$B,'PTO SUMMARY 2027'!V80,'April 2027'!$AK:$AK) -> 0 | AJ80: =AA80+AH80-AI80 -> 42.666601 | AK80: 0 | AL80: 0 | AM80: =H80 -> 10.66665 | AN80: =SUMIF('May 2027'!$B:$B,'PTO SUMMARY 2027'!AA80,'May 2027'!$AK:$AK) -> 0 | AO80: =ROUND((AJ80+AM80-AN80),2) -> 53.33 | AP80: 0 | AQ80: 0 | AR80: =H80 -> 10.66665 | AS80: =SUMIF('June 2027'!$B:$B,'PTO SUMMARY 2027'!AF80,'June 2027'!$AK:$AK) -> 0 | AT80: =AO80+AR80-AS80 -> 63.99665 | AU80: 0 | AV80: 0 | AW80: 0 | AX80: 0 | AY80: 0 | AZ80: =AX80-AY80 -> 0 | BA80: =H80 -> 10.66665 | BB80: =SUMIF('July 2027'!$B:$B,'PTO SUMMARY 2027'!AK80,'July 2027'!$AK:$AK) -> 0 | BC80: =AT80+BA80-BB80 -> 74.6633 | BD80: 0 | BE80: 0 | BF80: =H80 -> 10.66665 | BG80: =SUMIF('August 2027'!$B:$B,'PTO SUMMARY 2027'!AP80,'August 2027'!$AK:$AK) -> 0 | BH80: =BC80+BF80-BG80 -> 85.329951 | BI80: 0 | BJ80: 0 | BK80: =H80 -> 10.66665 | BL80: =SUMIF('September 2027'!$B:$B,'PTO SUMMARY 2027'!AU80,'September 2027'!$AK:$AK) -> 0 | BM80: =BH80+BK80-BL80 -> 95.996601 | BN80: 0 | BO80: 0 | BP80: 0 | BQ80: 0 | BR80: 0 | BS80: =BQ80-BR80 -> 0 | BT80: =H80 -> 10.66665 | BU80: =SUMIF('October 2027'!$B:$B,'PTO SUMMARY 2027'!BH80,'October 2027'!$AK:$AK) -> 0 | BV80: =BM80+BT80-BU80 -> 106.66325 | BW80: 0 | BX80: 0 | BY80: =H80 -> 10.66665 | BZ80: =SUMIF('November 2027'!$B:$B,'PTO SUMMARY 2027'!BM80,'November 2027'!$AK:$AK) -> 0 | CA80: =BV80+BY80-BZ80 -> 117.3299 | CB80: 0 | CC80: 0 | CD80: =H80 -> 10.66665 | CE80: =SUMIF('December 2027'!$B:$B,'PTO SUMMARY 2027'!$B:$B,'December 2027'!$AK:$AK) -> 0 | CF80: =CA80+CD80-CE80 -> 127.99655 | CG80: 0 | CH80: 0 | CI80: 0 | CJ80: 0 | CK80: 0 | CL80: 0 | CM80: 0 | CN80: =CK80+CL80-CM80 -> 0
A81: McBride, Erin | B81: A3RD | C81: APC | E81: SMA | F81: NB | G81: 1 | H81: =((G81*86.67)*2)*(SUMIF('Accrual Rates'!B:B,'PTO SUMMARY 2027'!B81,'Accrual Rates'!G:G)) -> 13.333313 | I81: 0 | J81: 0 | K81: 0 | L81: 0 | M81: 0 | N81: =H81 -> 13.333313 | O81: =SUMIF('January 2027'!$B:$B,'PTO SUMMARY 2027'!B81,'January 2027'!$AK:$AK) -> 0 | P81: =L81+M81+N81-O81 -> 13.333313 | Q81: 0 | R81: 0 | S81: =H81 -> 13.333313 | T81: =SUMIF('February 2027'!$B:$B,'PTO SUMMARY 2027'!G81,'February 2027'!$AK:$AK) -> 0 | U81: 0 | V81: =P81+S81-T81 -> 26.666626 | W81: 0 | X81: 0 | Y81: =H81 -> 13.333313 | Z81: =SUMIF('March 2027'!$B:$B,'PTO SUMMARY 2027'!M81,'March 2027'!$AK:$AK) -> 0 | AA81: =V81+Y81-Z81 -> 39.999938 | AB81: 0 | AC81: 0 | AD81: 0 | AE81: =K81-AD81 -> 0 | AF81: 0 | AG81: =AE81-AF81 -> 0 | AH81: =H81 -> 13.333313 | AI81: =SUMIF('April 2027'!$B:$B,'PTO SUMMARY 2027'!V81,'April 2027'!$AK:$AK) -> 0 | AJ81: =AA81+AH81-AI81 -> 53.333251 | AK81: 0 | AL81: 0 | AM81: =H81 -> 13.333313 | AN81: =SUMIF('May 2027'!$B:$B,'PTO SUMMARY 2027'!AA81,'May 2027'!$AK:$AK) -> 0 | AO81: =ROUND((AJ81+AM81-AN81),2) -> 66.67 | AP81: 0 | AQ81: 0 | AR81: =H81 -> 13.333313 | AS81: =SUMIF('June 2027'!$B:$B,'PTO SUMMARY 2027'!AF81,'June 2027'!$AK:$AK) -> 0 | AT81: =AO81+AR81-AS81 -> 80.003313 | AU81: 0 | AV81: 0 | AW81: 0 | AX81: 0 | AY81: 0 | AZ81: =AX81-AY81 -> 0 | BA81: =H81 -> 13.333313 | BB81: =SUMIF('July 2027'!$B:$B,'PTO SUMMARY 2027'!AK81,'July 2027'!$AK:$AK) -> 0 | BC81: =AT81+BA81-BB81 -> 93.336626 | BD81: 0 | BE81: 0 | BF81: =H81 -> 13.333313 | BG81: =SUMIF('August 2027'!$B:$B,'PTO SUMMARY 2027'!AP81,'August 2027'!$AK:$AK) -> 0 | BH81: =BC81+BF81-BG81 -> 106.66994 | BI81: 0 | BJ81: 0 | BK81: =H81 -> 13.333313 | BL81: =SUMIF('September 2027'!$B:$B,'PTO SUMMARY 2027'!AU81,'September 2027'!$AK:$AK) -> 0 | BM81: =BH81+BK81-BL81 -> 120.00325 | BN81: 0 | BO81: 0 | BP81: 0 | BQ81: 0 | BR81: 0 | BS81: =BQ81-BR81 -> 0 | BT81: =H81 -> 13.333313 | BU81: =SUMIF('October 2027'!$B:$B,'PTO SUMMARY 2027'!BH81,'October 2027'!$AK:$AK) -> 0 | BV81: =BM81+BT81-BU81 -> 133.33656 | BW81: 0 | BX81: 0 | BY81: =H81 -> 13.333313 | BZ81: =SUMIF('November 2027'!$B:$B,'PTO SUMMARY 2027'!BM81,'November 2027'!$AK:$AK) -> 0 | CA81: =BV81+BY81-BZ81 -> 146.66988 | CB81: 0 | CC81: 0 | CD81: =H81 -> 13.333313 | CE81: =SUMIF('December 2027'!$B:$B,'PTO SUMMARY 2027'!$B:$B,'December 2027'!$AK:$AK) -> 0 | CF81: =CA81+CD81-CE81 -> 160.00319 | CG81: 0 | CH81: 0 | CI81: 0 | CJ81: 0 | CK81: 0 | CL81: 0 | CM81: 0 | CN81: =CK81+CL81-CM81 -> 0
A82: McCammon, Kristen Nicole | B82: A2TJ | C82: APC | E82: SMA | F82: OCmid | G82: 1 | H82: =((G82*86.67)*2)*(SUMIF('Accrual Rates'!B:B,'PTO SUMMARY 2027'!B82,'Accrual Rates'!G:G)) -> 13.333313 | I82: 0 | J82: 0 | K82: 0 | L82: 0 | M82: 0 | N82: =H82 -> 13.333313 | O82: =SUMIF('January 2027'!$B:$B,'PTO SUMMARY 2027'!B82,'January 2027'!$AK:$AK) -> 0 | P82: =L82+M82+N82-O82 -> 13.333313 | Q82: 0 | R82: 0 | S82: =H82 -> 13.333313 | T82: =SUMIF('February 2027'!$B:$B,'PTO SUMMARY 2027'!G82,'February 2027'!$AK:$AK) -> 0 | U82: 0 | V82: =P82+S82-T82 -> 26.666626 | W82: 0 | X82: 0 | Y82: =H82 -> 13.333313 | Z82: =SUMIF('March 2027'!$B:$B,'PTO SUMMARY 2027'!M82,'March 2027'!$AK:$AK) -> 0 | AA82: =V82+Y82-Z82 -> 39.999938 | AB82: 0 | AC82: 0 | AD82: 0 | AE82: =K82-AD82 -> 0 | AF82: 0 | AG82: =AE82-AF82 -> 0 | AH82: =H82 -> 13.333313 | AI82: =SUMIF('April 2027'!$B:$B,'PTO SUMMARY 2027'!V82,'April 2027'!$AK:$AK) -> 0 | AJ82: =AA82+AH82-AI82 -> 53.333251 | AK82: 0 | AL82: 0 | AM82: =H82 -> 13.333313 | AN82: =SUMIF('May 2027'!$B:$B,'PTO SUMMARY 2027'!AA82,'May 2027'!$AK:$AK) -> 0 | AO82: =ROUND((AJ82+AM82-AN82),2) -> 66.67 | AP82: 0 | AQ82: 0 | AR82: =H82 -> 13.333313 | AS82: =SUMIF('June 2027'!$B:$B,'PTO SUMMARY 2027'!AF82,'June 2027'!$AK:$AK) -> 0 | AT82: =AO82+AR82-AS82 -> 80.003313 | AU82: 0 | AV82: 0 | AW82: 0 | AX82: 0 | AY82: 0 | AZ82: =AX82-AY82 -> 0 | BA82: =H82 -> 13.333313 | BB82: =SUMIF('July 2027'!$B:$B,'PTO SUMMARY 2027'!AK82,'July 2027'!$AK:$AK) -> 0 | BC82: =AT82+BA82-BB82 -> 93.336626 | BD82: 0 | BE82: 0 | BF82: =H82 -> 13.333313 | BG82: =SUMIF('August 2027'!$B:$B,'PTO SUMMARY 2027'!AP82,'August 2027'!$AK:$AK) -> 0 | BH82: =BC82+BF82-BG82 -> 106.66994 | BI82: 0 | BJ82: 0 | BK82: =H82 -> 13.333313 | BL82: =SUMIF('September 2027'!$B:$B,'PTO SUMMARY 2027'!AU82,'September 2027'!$AK:$AK) -> 0 | BM82: =BH82+BK82-BL82 -> 120.00325 | BN82: 0 | BO82: 0 | BP82: 0 | BQ82: 0 | BR82: 0 | BS82: =BQ82-BR82 -> 0 | BT82: =H82 -> 13.333313 | BU82: =SUMIF('October 2027'!$B:$B,'PTO SUMMARY 2027'!BH82,'October 2027'!$AK:$AK) -> 0 | BV82: =BM82+BT82-BU82 -> 133.33656 | BW82: 0 | BX82: 0 | BY82: =H82 -> 13.333313 | BZ82: =SUMIF('November 2027'!$B:$B,'PTO SUMMARY 2027'!BM82,'November 2027'!$AK:$AK) -> 0 | CA82: =BV82+BY82-BZ82 -> 146.66988 | CB82: 0 | CC82: 0 | CD82: =H82 -> 13.333313 | CE82: =SUMIF('December 2027'!$B:$B,'PTO SUMMARY 2027'!$B:$B,'December 2027'!$AK:$AK) -> 0 | CF82: =CA82+CD82-CE82 -> 160.00319 | CG82: 0 | CH82: 0 | CI82: 0 | CJ82: 0 | CK82: 0 | CL82: 0 | CM82: 0 | CN82: =CK82+CL82-CM82 -> 0
A83: McCook, Heather | B83: A3M7 | C83: APC | E83: SMA | F83: NB | G83: 0.95 | H83: =((G83*86.67)*2)*(SUMIF('Accrual Rates'!B:B,'PTO SUMMARY 2027'!B83,'Accrual Rates'!G:G)) -> 12.666647 | I83: 0 | J83: 0 | K83: 0 | L83: 0 | M83: 0 | N83: =H83 -> 12.666647 | O83: =SUMIF('January 2027'!$B:$B,'PTO SUMMARY 2027'!B83,'January 2027'!$AK:$AK) -> 0 | P83: =L83+M83+N83-O83 -> 12.666647 | Q83: 0 | R83: 0 | S83: =H83 -> 12.666647 | T83: =SUMIF('February 2027'!$B:$B,'PTO SUMMARY 2027'!G83,'February 2027'!$AK:$AK) -> 0 | U83: 0 | V83: =P83+S83-T83 -> 25.333294 | W83: 0 | X83: 0 | Y83: =H83 -> 12.666647 | Z83: =SUMIF('March 2027'!$B:$B,'PTO SUMMARY 2027'!M83,'March 2027'!$AK:$AK) -> 0 | AA83: =V83+Y83-Z83 -> 37.999941 | AB83: 0 | AC83: 0 | AD83: 0 | AE83: =K83-AD83 -> 0 | AF83: 0 | AG83: =AE83-AF83 -> 0 | AH83: =H83 -> 12.666647 | AI83: =SUMIF('April 2027'!$B:$B,'PTO SUMMARY 2027'!V83,'April 2027'!$AK:$AK) -> 0 | AJ83: =AA83+AH83-AI83 -> 50.666589 | AK83: 0 | AL83: 0 | AM83: =H83 -> 12.666647 | AN83: =SUMIF('May 2027'!$B:$B,'PTO SUMMARY 2027'!AA83,'May 2027'!$AK:$AK) -> 0 | AO83: =ROUND((AJ83+AM83-AN83),2) -> 63.33 | AP83: 0 | AQ83: 0 | AR83: =H83 -> 12.666647 | AS83: =SUMIF('June 2027'!$B:$B,'PTO SUMMARY 2027'!AF83,'June 2027'!$AK:$AK) -> 0 | AT83: =AO83+AR83-AS83 -> 75.996647 | AU83: 0 | AV83: 0 | AW83: 0 | AX83: 0 | AY83: 0 | AZ83: =AX83-AY83 -> 0 | BA83: =H83 -> 12.666647 | BB83: =SUMIF('July 2027'!$B:$B,'PTO SUMMARY 2027'!AK83,'July 2027'!$AK:$AK) -> 0 | BC83: =AT83+BA83-BB83 -> 88.663294 | BD83: 0 | BE83: 0 | BF83: =H83 -> 12.666647 | BG83: =SUMIF('August 2027'!$B:$B,'PTO SUMMARY 2027'!AP83,'August 2027'!$AK:$AK) -> 0 | BH83: =BC83+BF83-BG83 -> 101.32994 | BI83: 0 | BJ83: 0 | BK83: =H83 -> 12.666647 | BL83: =SUMIF('September 2027'!$B:$B,'PTO SUMMARY 2027'!AU83,'September 2027'!$AK:$AK) -> 0 | BM83: =BH83+BK83-BL83 -> 113.99659 | BN83: 0 | BO83: 0 | BP83: 0 | BQ83: 0 | BR83: 0 | BS83: =BQ83-BR83 -> 0 | BT83: =H83 -> 12.666647 | BU83: =SUMIF('October 2027'!$B:$B,'PTO SUMMARY 2027'!BH83,'October 2027'!$AK:$AK) -> 0 | BV83: =BM83+BT83-BU83 -> 126.66324 | BW83: 0 | BX83: 0 | BY83: =H83 -> 12.666647 | BZ83: =SUMIF('November 2027'!$B:$B,'PTO SUMMARY 2027'!BM83,'November 2027'!$AK:$AK) -> 0 | CA83: =BV83+BY83-BZ83 -> 139.32988 | CB83: 0 | CC83: 0 | CD83: =H83 -> 12.666647 | CE83: =SUMIF('December 2027'!$B:$B,'PTO SUMMARY 2027'!$B:$B,'December 2027'!$AK:$AK) -> 0 | CF83: =CA83+CD83-CE83 -> 151.99653 | CG83: 0 | CH83: 0 | CI83: 0 | CJ83: 0 | CK83: 0 | CL83: 0 | CM83: 0 | CN83: =CK83+CL83-CM83 -> 0
A84: Milanovich, Jeri | B84: A2V9 | C84: APC | D84: Y | E84: OWA | F84: NWP | G84: 0.75 | H84: 0 | I84: 0 | J84: 0 | K84: 0 | L84: 0 | M84: 0 | N84: =H84 -> 0 | O84: =SUMIF('January 2027'!$B:$B,'PTO SUMMARY 2027'!B84,'January 2027'!$AK:$AK) -> 0 | P84: =L84+M84+N84-O84 -> 0 | Q84: 0 | R84: 0 | S84: =H84 -> 0 | T84: =SUMIF('February 2027'!$B:$B,'PTO SUMMARY 2027'!G84,'February 2027'!$AK:$AK) -> 0 | U84: 0 | V84: =P84+S84-T84 -> 0 | W84: 0 | X84: 0 | Y84: =H84 -> 0 | Z84: =SUMIF('March 2027'!$B:$B,'PTO SUMMARY 2027'!M84,'March 2027'!$AK:$AK) -> 0 | AA84: =V84+Y84-Z84 -> 0 | AB84: 0 | AC84: 0 | AD84: 0 | AE84: =K84-AD84 -> 0 | AF84: 0 | AG84: =AE84-AF84 -> 0 | AH84: =H84 -> 0 | AI84: =SUMIF('April 2027'!$B:$B,'PTO SUMMARY 2027'!V84,'April 2027'!$AK:$AK) -> 0 | AJ84: =AA84+AH84-AI84 -> 0 | AK84: 0 | AL84: 0 | AM84: =H84 -> 0 | AN84: =SUMIF('May 2027'!$B:$B,'PTO SUMMARY 2027'!AA84,'May 2027'!$AK:$AK) -> 0 | AO84: =ROUND((AJ84+AM84-AN84),2) -> 0 | AP84: 0 | AQ84: 0 | AR84: =H84 -> 0 | AS84: =SUMIF('June 2027'!$B:$B,'PTO SUMMARY 2027'!AF84,'June 2027'!$AK:$AK) -> 0 | AT84: =AO84+AR84-AS84 -> 0 | AU84: 0 | AV84: 0 | AW84: 0 | AX84: 0 | AY84: 0 | AZ84: =AX84-AY84 -> 0 | BA84: =H84 -> 0 | BB84: =SUMIF('July 2027'!$B:$B,'PTO SUMMARY 2027'!AK84,'July 2027'!$AK:$AK) -> 0 | BC84: =AT84+BA84-BB84 -> 0 | BD84: 0 | BE84: 0 | BF84: =H84 -> 0 | BG84: =SUMIF('August 2027'!$B:$B,'PTO SUMMARY 2027'!AP84,'August 2027'!$AK:$AK) -> 0 | BH84: =BC84+BF84-BG84 -> 0 | BI84: 0 | BJ84: 0 | BK84: =H84 -> 0 | BL84: =SUMIF('September 2027'!$B:$B,'PTO SUMMARY 2027'!AU84,'September 2027'!$AK:$AK) -> 0 | BM84: =BH84+BK84-BL84 -> 0 | BN84: 0 | BO84: 0 | BP84: 0 | BQ84: 0 | BR84: 0 | BS84: =BQ84-BR84 -> 0 | BT84: =H84 -> 0 | BU84: =SUMIF('October 2027'!$B:$B,'PTO SUMMARY 2027'!BH84,'October 2027'!$AK:$AK) -> 0 | BV84: =BM84+BT84-BU84 -> 0 | BW84: 0 | BX84: 0 | BY84: =H84 -> 0 | BZ84: =SUMIF('November 2027'!$B:$B,'PTO SUMMARY 2027'!BM84,'November 2027'!$AK:$AK) -> 0 | CA84: =BV84+BY84-BZ84 -> 0 | CB84: 0 | CC84: 0 | CD84: =H84 -> 0 | CE84: =SUMIF('December 2027'!$B:$B,'PTO SUMMARY 2027'!$B:$B,'December 2027'!$AK:$AK) -> 0 | CF84: =CA84+CD84-CE84 -> 0 | CG84: 0 | CH84: 0 | CI84: 0 | CJ84: 0 | CK84: 0 | CL84: 0 | CM84: 0 | CN84: =CK84+CL84-CM84 -> 0
A85: Miller, Elizabeth | B85: A3PH | C85: APC | E85: SMA | F85: PKmid | G85: 1 | H85: =((G85*86.67)*2)*(SUMIF('Accrual Rates'!B:B,'PTO SUMMARY 2027'!B85,'Accrual Rates'!G:G)) -> 13.333313 | I85: 0 | J85: 0 | K85: 0 | L85: 0 | M85: 0 | N85: =H85 -> 13.333313 | O85: =SUMIF('January 2027'!$B:$B,'PTO SUMMARY 2027'!B85,'January 2027'!$AK:$AK) -> 0 | P85: =L85+M85+N85-O85 -> 13.333313 | Q85: 0 | R85: 0 | S85: =H85 -> 13.333313 | T85: =SUMIF('February 2027'!$B:$B,'PTO SUMMARY 2027'!G85,'February 2027'!$AK:$AK) -> 0 | U85: 0 | V85: =P85+S85-T85 -> 26.666626 | W85: 0 | X85: 0 | Y85: =H85 -> 13.333313 | Z85: =SUMIF('March 2027'!$B:$B,'PTO SUMMARY 2027'!M85,'March 2027'!$AK:$AK) -> 0 | AA85: =V85+Y85-Z85 -> 39.999938 | AB85: 0 | AC85: 0 | AD85: 0 | AE85: =K85-AD85 -> 0 | AF85: 0 | AG85: =AE85-AF85 -> 0 | AH85: =H85 -> 13.333313 | AI85: =SUMIF('April 2027'!$B:$B,'PTO SUMMARY 2027'!V85,'April 2027'!$AK:$AK) -> 0 | AJ85: =AA85+AH85-AI85 -> 53.333251 | AK85: 0 | AL85: 0 | AM85: =H85 -> 13.333313 | AN85: =SUMIF('May 2027'!$B:$B,'PTO SUMMARY 2027'!AA85,'May 2027'!$AK:$AK) -> 0 | AO85: =ROUND((AJ85+AM85-AN85),2) -> 66.67 | AP85: 0 | AQ85: 0 | AR85: =H85 -> 13.333313 | AS85: =SUMIF('June 2027'!$B:$B,'PTO SUMMARY 2027'!AF85,'June 2027'!$AK:$AK) -> 0 | AT85: =AO85+AR85-AS85 -> 80.003313 | AU85: 0 | AV85: 0 | AW85: 0 | AX85: 0 | AY85: 0 | AZ85: =AX85-AY85 -> 0 | BA85: =H85 -> 13.333313 | BB85: =SUMIF('July 2027'!$B:$B,'PTO SUMMARY 2027'!AK85,'July 2027'!$AK:$AK) -> 0 | BC85: =AT85+BA85-BB85 -> 93.336626 | BD85: 0 | BE85: 0 | BF85: =H85 -> 13.333313 | BG85: =SUMIF('August 2027'!$B:$B,'PTO SUMMARY 2027'!AP85,'August 2027'!$AK:$AK) -> 0 | BH85: =BC85+BF85-BG85 -> 106.66994 | BI85: 0 | BJ85: 0 | BK85: =H85 -> 13.333313 | BL85: =SUMIF('September 2027'!$B:$B,'PTO SUMMARY 2027'!AU85,'September 2027'!$AK:$AK) -> 0 | BM85: =BH85+BK85-BL85 -> 120.00325 | BN85: 0 | BO85: 0 | BP85: 0 | BQ85: 0 | BR85: 0 | BS85: =BQ85-BR85 -> 0 | BT85: =H85 -> 13.333313 | BU85: =SUMIF('October 2027'!$B:$B,'PTO SUMMARY 2027'!BH85,'October 2027'!$AK:$AK) -> 0 | BV85: =BM85+BT85-BU85 -> 133.33656 | BW85: 0 | BX85: 0 | BY85: =H85 -> 13.333313 | BZ85: =SUMIF('November 2027'!$B:$B,'PTO SUMMARY 2027'!BM85,'November 2027'!$AK:$AK) -> 0 | CA85: =BV85+BY85-BZ85 -> 146.66988 | CB85: 0 | CC85: 0 | CD85: =H85 -> 13.333313 | CE85: =SUMIF('December 2027'!$B:$B,'PTO SUMMARY 2027'!$B:$B,'December 2027'!$AK:$AK) -> 0 | CF85: =CA85+CD85-CE85 -> 160.00319 | CG85: 0 | CH85: 0 | CI85: 0 | CJ85: 0 | CK85: 0 | CL85: 0 | CM85: 0 | CN85: =CK85+CL85-CM85 -> 0
